Gender,Married,Dependents,Education,Applicant_Income,Coapplicant_Income,Loan_Amount,Loan_Term,Credit_History,Property_Area,Age,Loan_Status,Credit_Score,Self_Employed
0.0,1.0,3,1.0,34473.9116692332,13914.7215743515,240732.458366153,180,1,1,40,1,752,0.0
0.0,1.0,1,1.0,59718.0206818665,18720.8147866738,122547.278442056,180,1,1,47,1,829,1.0
0.0,1.0,1,0.0,106981.515734015,2229.15437668881,140550.937774368,60,1,0,24,1,742,0.0
1.0,1.0,2,1.0,43205.5631563844,35578.1117709776,146135.738126685,120,1,1,39,1,664,0.0
0.0,1.0,0,1.0,62526.283989664,20212.1579118872,203408.051743799,180,1,1,41,1,756,0.0
1.0,1.0,0,1.0,55193.4920368373,9840.9468686766,26978.2088951897,240,1,0,39,1,721,0.0
0.0,1.0,3,1.0,71362.0641025729,4873.14436631507,64638.7002714723,120,1,2,36,1,838,1.0
0.0,0.0,0,1.0,92086.7821661719,31781.7992212487,81487.1705396057,120,0,1,30,0,320,0.0
1.0,0.0,2,0.0,52700.9454091422,3658.28854722209,118807.987565636,180,1,2,35,1,752,1.0
0.0,0.0,2,1.0,48012.1470911195,615.888332054408,268723.314164199,240,1,1,29,0,771,
1.0,0.0,1,0.0,60694.2749750512,16573.4656767307,100456.962299164,240,0,2,51,0,514,0.0
0.0,1.0,0,0.0,47583.0480349776,10427.814606808,77767.9373465792,60,1,1,51,1,724,0.0
0.0,1.0,0,1.0,55386.7666672058,23695.7251865342,167720.328373716,180,1,1,23,1,737,0.0
1.0,0.0,1,1.0,60402.1293373819,6998.24701335896,119701.850802624,240,0,2,34,0,399,0.0
,1.0,1,1.0,52503.583849008,5746.07742357043,142991.103508732,60,1,0,31,1,753,
0.0,1.0,2,1.0,45150.588286039,23157.5448665206,141854.390331188,180,1,2,37,1,801,1.0
1.0,1.0,1,1.0,31038.3131700535,10677.0482089267,160392.661906882,240,1,2,34,1,780,
0.0,1.0,0,1.0,101364.520830116,16814.6106348063,120417.709232877,300,0,2,28,0,449,0.0
,0.0,0,1.0,106493.466117056,14669.3199863823,,300,1,2,26,1,702,1.0
1.0,0.0,0,0.0,81506.8680391379,9418.66740342549,150560.407659794,180,1,1,36,1,651,0.0
1.0,0.0,0,1.0,77529.1129100587,22020.3032366732,185813.124823426,120,0,1,38,0,643,0.0
0.0,1.0,1,1.0,90674.5541983299,18516.6235497405,209806.685854555,240,0,2,32,0,593,0.0
1.0,1.0,2,1.0,44244.3249618352,12253.562506337,20000.0,240,1,1,42,1,779,1.0
1.0,0.0,0,1.0,23587.9339890296,20336.9524800619,165581.714940371,300,1,0,33,1,841,1.0
0.0,1.0,2,1.0,77753.1085174767,12349.3500311142,150632.723207432,180,0,0,21,0,576,0.0
0.0,1.0,0,1.0,92311.6564709646,12612.4739793656,105969.677010917,180,1,0,50,1,810,1.0
1.0,1.0,1,1.0,49380.0608999636,5064.06996068552,93995.7433737232,120,1,1,24,1,707,0.0
1.0,1.0,2,1.0,67262.3125548904,20011.2927606457,210933.260539446,120,0,2,39,0,321,0.0
1.0,1.0,2,1.0,57109.6265856896,9963.49739624403,139458.264067271,180,1,0,39,1,738,0.0
1.0,0.0,1,1.0,49293.4362809215,27991.4982054766,134201.802432365,360,0,1,36,0,348,1.0
1.0,1.0,2,1.0,94962.7413824167,24177.721505515,203779.745409916,300,1,0,36,1,708,0.0
0.0,1.0,3,1.0,34419.3852756042,28006.2540105595,242940.131779025,180,1,1,44,1,819,0.0
1.0,0.0,1,0.0,51310.0754513536,6360.20150923921,101982.347392894,180,1,1,32,1,837,0.0
1.0,1.0,2,1.0,43477.7601657091,1630.22041859445,194931.393336524,180,1,0,34,1,664,0.0
1.0,0.0,1,1.0,95106.816848864,6781.85171578654,72962.1095842318,300,0,2,36,0,489,0.0
1.0,0.0,2,0.0,65580.4305154067,2140.00293483506,167651.96242075,300,1,0,33,1,839,0.0
0.0,0.0,2,1.0,46485.8384167677,9678.56109826898,80849.1095627763,60,1,2,37,1,824,0.0
1.0,0.0,1,1.0,21008.7656449126,17174.05852727,139911.281185042,60,1,1,58,1,839,0.0
1.0,1.0,0,1.0,79158.6411043136,15094.2636056377,205650.034956934,180,0,1,21,0,350,1.0
1.0,0.0,2,1.0,79307.9496918234,24475.1190857556,144432.279880724,300,0,1,41,0,354,
0.0,1.0,1,0.0,53303.9402511099,21232.3589663881,112586.267261115,360,0,2,36,0,543,0.0
0.0,1.0,0,1.0,97808.8137031156,7156.79029699744,179068.652966946,60,0,2,36,0,619,0.0
1.0,1.0,2,0.0,47486.4542500757,20568.7472236814,165785.971114826,360,0,2,42,0,430,1.0
0.0,0.0,1,1.0,69849.0252801629,19371.2677973105,151830.182828153,60,0,2,51,0,606,0.0
1.0,1.0,0,1.0,36930.1514803043,18366.0142756216,154736.923791645,360,1,0,24,1,784,0.0
1.0,0.0,1,1.0,69155.4573230377,33076.3080567068,238164.940014978,60,0,2,26,0,320,
,1.0,0,1.0,62282.0298445304,9105.76588513109,197551.066808907,60,0,2,34,0,628,1.0
1.0,0.0,1,1.0,80427.6659085879,10649.2275842368,178302.872941603,180,0,0,43,0,466,0.0
1.0,0.0,1,1.0,85086.7672151467,20735.5883687742,169727.201715833,300,1,2,37,1,667,1.0
1.0,1.0,0,1.0,29552.8162756421,1763.50429157821,110532.381704871,60,0,0,26,0,388,0.0
1.0,0.0,1,0.0,77049.372868659,27891.3183543744,111366.330466977,300,1,1,37,1,709,0.0
1.0,1.0,0,1.0,51393.8136009071,1080.16713202923,98698.237622238,120,0,1,25,0,313,0.0
0.0,1.0,3,1.0,77490.3414826504,7653.2890632314,202801.518578285,120,0,2,39,0,541,1.0
1.0,1.0,0,1.0,75593.2106453868,5980.07350556802,139632.161565299,360,0,2,45,0,564,0.0
0.0,1.0,1,1.0,51163.0214551835,9184.19236772782,148091.520651678,120,1,0,44,1,739,0.0
1.0,1.0,0,1.0,87017.0466139801,9508.73519010422,156404.944217949,240,0,1,42,0,352,0.0
1.0,0.0,2,1.0,65566.9726928934,806.156442039593,149826.139514903,300,1,2,36,1,779,0.0
1.0,0.0,2,1.0,56309.492846883,26377.7678066866,254987.627399799,180,1,2,39,1,733,0.0
1.0,0.0,3,0.0,55680.7895929953,26888.0624119315,173667.059169257,240,0,1,50,0,391,0.0
1.0,0.0,2,1.0,46972.8621241634,30027.3432630558,217221.69540415,60,1,1,48,1,760,0.0
1.0,1.0,0,1.0,21012.5648935515,10171.2228070886,125001.875139568,300,1,1,21,1,837,
1.0,0.0,2,1.0,89018.5509655842,9100.84603750066,158551.974631857,240,0,1,25,0,563,0.0
1.0,0.0,1,1.0,101501.30078697,14378.6393353069,139316.141470589,180,1,2,33,1,824,1.0
1.0,1.0,0,1.0,50343.4481838616,2497.83974105198,85409.6273166442,360,0,2,32,0,334,1.0
1.0,1.0,0,1.0,47402.3089527237,7183.27927653112,190239.37217637,120,1,0,31,1,730,0.0
1.0,1.0,0,0.0,46747.524821083,11313.806342143,102500.214824015,240,1,2,34,1,813,1.0
1.0,1.0,1,0.0,58716.23645783,13761.0763676479,191048.356965649,120,0,1,28,0,349,
1.0,1.0,0,1.0,77892.9437514774,8521.27710353478,132058.681452822,360,0,0,54,0,301,0.0
1.0,1.0,1,1.0,47828.2055352059,13604.5795707209,143641.860185293,360,0,2,36,0,353,0.0
0.0,,1,0.0,61457.4819603103,29846.418618765,122993.048026819,240,1,2,32,1,755,0.0
1.0,1.0,0,0.0,49418.9464530741,9162.77866437398,45646.5377145241,120,0,2,21,0,559,0.0
1.0,1.0,1,1.0,80801.2363980515,27101.6609536531,165714.465773935,240,0,2,49,0,609,0.0
0.0,0.0,2,1.0,74379.0662133013,13159.1313298408,111405.481240702,360,0,0,39,0,490,1.0
1.0,0.0,0,1.0,22963.1453685068,28610.0670476977,191207.618172781,240,1,1,37,1,795,0.0
1.0,1.0,2,1.0,27846.7794576388,31000.9784682047,224597.152958082,120,0,2,42,0,517,0.0
1.0,1.0,1,1.0,43954.4546155676,18499.2371524939,205614.622494586,360,1,0,23,1,693,0.0
1.0,1.0,0,1.0,45641.6221850479,17078.6050106708,141658.016615303,300,1,2,42,1,811,1.0
1.0,1.0,1,1.0,58160.8643479146,0.0,159968.9960327,300,1,1,32,1,839,0.0
1.0,0.0,0,0.0,85451.4032585713,36487.0629393705,149222.642317821,120,0,2,32,0,569,0.0
1.0,0.0,1,1.0,65120.5946862775,23117.0557161326,111514.645038107,60,0,0,32,0,603,0.0
1.0,1.0,3,1.0,67668.7006280728,23109.1377261569,154891.324592613,300,0,1,52,0,570,1.0
0.0,0.0,0,1.0,86298.2890716809,2018.96096312842,144940.118634123,360,1,0,36,1,849,0.0
0.0,0.0,2,1.0,54298.1148591597,14270.3056811872,149669.187792325,300,0,2,27,0,514,0.0
0.0,0.0,0,1.0,62453.4063198959,6023.40614724946,184972.504530327,120,0,2,30,0,551,1.0
1.0,1.0,0,1.0,57409.6550627311,16072.2928841915,184193.055696599,240,1,2,30,1,839,0.0
0.0,1.0,0,1.0,73184.9133686481,11871.6352694847,109521.659895521,300,1,1,46,1,689,0.0
0.0,1.0,2,0.0,76160.7237880414,22911.4000435588,,120,0,2,33,0,512,0.0
0.0,,1,0.0,79514.267553385,17626.4198787169,155781.039521071,240,0,1,36,0,507,1.0
1.0,1.0,0,1.0,64873.7442298382,13863.3331091856,133618.328134501,60,1,2,31,1,731,0.0
1.0,1.0,2,1.0,86908.4009230995,14608.3788455724,147771.655028725,180,1,1,38,1,760,0.0
0.0,1.0,1,0.0,41269.872504208,12241.0427855982,194792.54400514,60,1,1,61,0,702,1.0
1.0,0.0,1,1.0,42024.3190335374,15199.9548620641,226033.208649059,120,0,2,43,0,579,1.0
0.0,1.0,2,1.0,58484.7142692908,41366.6914194558,118595.10824601,300,1,0,30,1,803,0.0
1.0,1.0,3,1.0,72441.3998061209,13961.8751559703,204853.765320631,60,1,0,48,1,837,0.0
0.0,1.0,1,1.0,61033.2195370216,16033.8199621209,164300.790381731,120,1,2,38,1,773,0.0
1.0,1.0,0,1.0,56657.5657242717,10490.0598297069,86673.0585527514,180,0,0,36,0,340,0.0
0.0,1.0,1,1.0,46597.6959909153,13238.6580228922,237488.325294041,240,1,1,44,1,806,0.0
0.0,0.0,0,1.0,86109.5761430865,26013.3016488955,130630.912749264,240,0,2,49,0,314,1.0
1.0,0.0,3,1.0,44653.048742239,25984.8487605181,153086.733823014,300,0,0,34,0,600,1.0
0.0,1.0,0,1.0,51975.5905622832,32873.4641442982,65656.1524313473,120,0,0,28,0,364,0.0
1.0,0.0,2,1.0,46460.0972308293,0.0,180321.236419558,360,0,0,39,0,644,0.0
1.0,1.0,0,1.0,75586.9800781066,0.0,132999.010468827,360,1,0,24,1,720,0.0
0.0,1.0,0,1.0,,13264.5558243861,241897.101499613,60,0,2,41,0,308,0.0
1.0,1.0,1,1.0,49204.8063938127,4551.63686096928,152479.591383079,120,0,2,38,0,643,1.0
1.0,0.0,0,1.0,66145.9904175321,3659.79814065041,118187.158250698,360,0,2,24,0,428,0.0
1.0,0.0,1,1.0,35155.0693290154,7351.50771691896,128335.791318607,120,1,2,33,1,785,1.0
0.0,1.0,3,1.0,80798.0937479215,21091.3551905351,125670.716514967,60,1,1,36,1,712,0.0
1.0,1.0,1,1.0,68769.5147761945,12269.9325197741,184684.897750657,360,1,2,53,1,788,1.0
1.0,1.0,0,1.0,77898.4875388888,10930.2563362662,74792.573452601,180,1,0,43,1,730,0.0
0.0,,2,1.0,68161.0569367351,26234.2728709576,151317.064437371,300,1,2,31,1,785,1.0
0.0,0.0,1,1.0,85841.2066865304,2818.23933192681,177712.723801326,180,1,2,27,1,812,0.0
1.0,0.0,0,1.0,78823.6373283993,10492.5972269724,142590.535479817,300,1,2,39,1,812,1.0
1.0,0.0,2,1.0,90223.0986049469,4438.88430812913,157238.274555882,120,1,1,32,1,682,1.0
1.0,1.0,0,1.0,59602.5272926337,17520.0376120192,196442.562302511,60,0,0,44,0,560,0.0
1.0,1.0,3,1.0,24539.3506358623,844.759330862934,118505.688121364,180,1,1,26,1,690,0.0
0.0,1.0,0,0.0,42215.1834354335,15223.5055496636,145729.058358346,60,1,2,33,1,677,1.0
1.0,1.0,0,0.0,67546.009860897,32409.4148659699,172116.812998809,240,1,1,26,1,784,0.0
0.0,0.0,2,1.0,56797.3440886671,5749.15379521364,195317.161769857,120,0,1,47,0,500,0.0
1.0,1.0,1,0.0,61387.3960531613,13212.931154365,181809.024434201,60,1,2,58,1,721,0.0
1.0,1.0,1,1.0,60408.3433442583,13913.8334506165,102819.914204033,60,1,1,30,1,661,0.0
1.0,1.0,0,0.0,73627.2465315061,7251.9782186447,196641.944618111,360,1,0,42,1,811,0.0
0.0,,3,1.0,36832.7062161491,9449.8329845589,54868.6881784279,180,1,1,36,1,682,0.0
,1.0,2,0.0,42403.7129299589,0.0,214074.76996267,60,1,1,33,0,697,0.0
1.0,1.0,1,0.0,90980.4030299037,21041.0745543904,106735.036243257,120,0,1,44,0,361,0.0
1.0,1.0,0,1.0,59629.7372801522,36458.2492507648,125189.706212924,180,0,2,25,0,515,
,0.0,1,1.0,88627.3356366236,24057.1760049736,50685.4694064789,300,1,1,25,1,686,0.0
0.0,0.0,2,,69241.2178650379,24443.8522283539,49238.9047283811,60,0,1,37,0,398,0.0
1.0,0.0,1,1.0,43782.121275995,40083.0627305656,185189.79418754,180,0,1,46,0,471,0.0
1.0,1.0,1,1.0,37530.119335208,17438.9094162045,132172.87856786,60,1,2,34,1,753,0.0
1.0,0.0,1,0.0,26150.7074057036,0.0,246463.499831064,360,0,2,40,0,513,
0.0,0.0,1,0.0,37935.8326855663,3290.75106192546,97137.4268989948,240,0,2,48,0,334,1.0
1.0,0.0,0,0.0,72182.7624181435,17361.424098791,140917.743054688,180,0,2,21,0,526,0.0
1.0,1.0,0,0.0,29940.5934320969,23495.8453104661,130070.398054312,300,0,1,39,0,400,0.0
1.0,0.0,0,1.0,59091.7756413552,5153.66312982044,226356.619207756,120,1,1,26,1,824,
0.0,0.0,3,0.0,65665.7574309228,12661.021995464,116545.161993114,120,1,1,45,1,780,0.0
0.0,1.0,1,1.0,51927.03073516,10822.1698748638,168787.344085982,120,1,0,40,1,650,1.0
1.0,0.0,0,1.0,68726.4733934806,18994.6937260218,203089.238347916,180,0,1,43,0,304,0.0
1.0,1.0,2,1.0,24272.4906929062,15239.8001901559,127663.656713858,180,0,1,35,0,517,1.0
,1.0,1,1.0,64045.6081524243,0.0,20000.0,300,0,1,41,0,554,1.0
0.0,1.0,0,,62789.9559229491,15187.9051130794,132253.932315038,180,1,0,53,1,791,0.0
1.0,1.0,1,1.0,43163.5673626369,30677.9150979566,174970.730396953,180,1,2,24,1,752,0.0
1.0,0.0,2,1.0,22584.1615794828,17183.8898754417,66401.3764103724,180,1,0,37,1,676,0.0
0.0,1.0,1,1.0,70818.1703712198,26549.9756054161,162828.869792465,180,1,2,37,1,786,1.0
1.0,1.0,0,0.0,69400.883747364,0.0,100984.31270247,180,1,2,31,1,664,0.0
,0.0,1,0.0,70091.6362895478,11901.5509863592,153583.206987542,240,1,2,35,1,739,0.0
0.0,0.0,2,1.0,95330.2360065526,41024.7987487431,109376.508385383,60,0,1,45,0,341,0.0
0.0,1.0,0,1.0,73409.6123448242,26535.0284978154,184338.774452383,180,1,1,27,1,773,0.0
1.0,1.0,0,1.0,59378.8213425819,19633.0151023423,180705.290264484,360,1,0,25,1,828,1.0
1.0,1.0,3,1.0,84538.6644776861,31797.4738222152,188207.914996594,360,1,0,27,1,712,0.0
0.0,1.0,0,1.0,69723.6958312387,0.0,79578.8307896995,300,1,1,33,1,745,1.0
1.0,0.0,1,1.0,63427.3656237994,27184.8021487168,144929.608513906,300,0,0,25,0,530,0.0
1.0,1.0,1,1.0,56617.5462871436,2701.16884713459,187903.285308698,180,1,2,23,1,701,0.0
0.0,1.0,1,0.0,91720.336322907,24198.7151595443,182805.810093013,300,0,2,22,0,395,0.0
1.0,1.0,1,1.0,75417.3038777393,4921.32086777869,147561.186774969,120,0,1,34,0,521,0.0
0.0,0.0,1,1.0,79503.9525956485,29190.3561136726,31121.5085036448,180,1,2,34,1,800,1.0
1.0,1.0,1,1.0,48441.5844633457,24622.1057858109,145110.250145789,360,1,2,21,1,792,1.0
1.0,0.0,0,1.0,44433.9054919537,32839.2259520176,170393.952544874,360,1,2,38,1,820,0.0
1.0,1.0,0,1.0,70215.8417705519,20628.5448045713,30091.8452374551,60,0,0,32,0,328,0.0
1.0,1.0,3,1.0,72532.2727452614,17349.2812508811,208012.40659148,360,0,2,34,0,335,0.0
1.0,,3,0.0,76270.3443473934,15438.2879946042,104420.331170692,300,1,1,41,1,662,0.0
1.0,0.0,0,0.0,65831.2735336394,0.0,157299.795715632,300,0,2,38,0,459,0.0
0.0,0.0,1,1.0,,17019.9901075732,,180,1,1,41,1,720,0.0
0.0,1.0,0,1.0,42969.2004044136,18800.6744057383,134861.272743723,60,1,2,45,1,836,0.0
1.0,1.0,1,1.0,52233.0612339768,18589.1758374066,146476.321306127,240,0,2,25,0,542,0.0
0.0,1.0,0,0.0,84130.1793301671,14587.0863821533,87566.8287618686,360,1,0,32,1,735,0.0
1.0,1.0,1,1.0,65269.7443066211,6488.19517552515,102762.357399555,120,0,1,49,0,583,1.0
0.0,1.0,2,0.0,58595.5927696476,21325.8279964219,119192.593555368,120,1,1,39,1,715,1.0
1.0,0.0,3,0.0,39831.025349053,33307.4382483126,166191.963316372,120,1,2,37,1,819,0.0
1.0,1.0,3,1.0,85142.9843372514,21844.8613355299,108739.356222714,360,0,1,49,0,344,0.0
0.0,1.0,2,1.0,66284.9466519054,16943.3346333823,113627.303763844,240,0,1,39,0,361,1.0
0.0,1.0,3,1.0,35251.4672355485,18128.2223676684,132923.979249734,120,1,2,42,1,834,1.0
0.0,1.0,2,1.0,41213.2921236249,26782.52847548,32076.7928896267,120,1,2,24,1,783,1.0
1.0,1.0,1,0.0,64862.4691702578,9537.35990822535,261060.169713598,360,0,2,30,0,583,0.0
1.0,0.0,0,1.0,57208.2074368965,12022.0384377604,78676.8044288127,60,1,2,47,1,677,1.0
0.0,1.0,0,1.0,58379.0807055651,13179.5956891434,140525.021180393,240,1,1,22,1,757,0.0
1.0,0.0,0,1.0,43704.879943529,23898.5695178549,126027.029452477,180,0,1,40,0,343,0.0
1.0,0.0,0,1.0,40597.5147924071,36655.2145220655,129138.258238084,360,1,2,35,1,733,1.0
0.0,1.0,1,1.0,65711.0814971531,31370.8240799274,168006.547563878,180,0,2,42,0,585,1.0
1.0,1.0,0,1.0,65295.5062195596,0.0,164687.367583699,60,1,2,21,1,839,0.0
0.0,1.0,0,1.0,70479.2102415346,4863.94157645531,114125.069895778,360,1,2,36,1,724,1.0
1.0,1.0,1,1.0,73558.5174267853,24316.6596686809,191347.30304714,300,1,1,30,1,777,0.0
0.0,1.0,1,0.0,38562.8553391968,26625.7366818784,195970.421437682,360,1,2,35,1,741,0.0
1.0,0.0,0,0.0,74090.1307964944,7099.82903184791,241448.737812717,180,1,0,40,1,839,0.0
1.0,1.0,2,1.0,51413.9555096548,12722.2902087636,118163.472044597,360,1,2,21,1,778,0.0
1.0,0.0,2,1.0,45434.5559518677,16571.4578370253,93525.7211202298,300,0,1,34,0,582,1.0
0.0,1.0,0,1.0,60826.5126454123,0.0,167936.80719983,120,1,0,31,1,839,0.0
1.0,0.0,0,1.0,81204.1981499776,11733.8621933878,123908.472925592,60,1,1,37,1,770,1.0
1.0,0.0,1,1.0,93914.4575562173,18812.4465516209,72586.9165884582,120,1,2,39,1,765,0.0
0.0,1.0,2,1.0,40285.4790732891,4015.90782037447,177456.333777918,120,1,2,21,1,652,0.0
1.0,0.0,1,1.0,64263.9325647537,15738.6343441088,109938.982009355,300,1,1,30,1,752,1.0
1.0,1.0,2,0.0,64966.5028503176,5341.73229104035,56297.2248634389,300,0,2,39,0,497,0.0
1.0,1.0,0,1.0,46967.9930478836,0.0,146376.114020298,300,1,0,35,1,849,0.0
1.0,0.0,2,0.0,49420.4458387196,17567.8325732472,164363.396456039,240,0,1,38,0,436,0.0
0.0,1.0,1,1.0,60320.5056459032,38596.142591001,107718.575600529,300,0,2,42,0,617,0.0
0.0,1.0,2,1.0,49345.4900356619,11407.1469569358,150558.400475316,60,1,2,29,1,814,0.0
0.0,0.0,0,1.0,69618.1618549779,8468.62610070059,134587.16851233,360,1,0,34,1,700,1.0
0.0,1.0,0,1.0,47177.7147955071,1748.42844802238,168991.672751854,240,1,0,37,1,821,
0.0,0.0,2,1.0,46835.031753323,12604.441410629,66815.5010901808,180,1,2,46,1,801,0.0
,1.0,0,0.0,52229.5844963398,21946.6912411858,87584.8599065341,60,0,0,32,0,614,1.0
1.0,1.0,1,0.0,88546.1072857843,8598.534949063,199214.822259852,360,1,2,22,1,767,0.0
1.0,1.0,0,1.0,63791.6323319748,22298.1936226763,261016.092900244,180,1,1,43,1,809,1.0
0.0,0.0,3,1.0,24784.7448168836,4499.45210176813,157560.811066877,180,0,1,43,0,395,0.0
0.0,1.0,0,1.0,68638.4508934788,20805.6768703561,83529.7448337459,180,0,0,26,0,532,0.0
1.0,1.0,0,1.0,70203.1493783036,28779.7433392541,148889.988828233,360,0,2,39,0,479,0.0
0.0,0.0,0,1.0,61192.6073984034,22147.4564988894,69449.8616057416,240,0,2,33,0,412,1.0
1.0,0.0,0,0.0,33755.6161313718,999.287655982612,111351.328291668,360,0,1,28,0,617,1.0
0.0,1.0,2,1.0,77632.795138989,28209.9578954071,196807.67970641,300,0,2,42,0,351,0.0
0.0,1.0,2,1.0,55970.1693210496,17187.1826614148,199904.208630182,240,1,1,37,1,661,0.0
1.0,1.0,0,0.0,88701.7479844447,26615.0304848197,152435.83396969,120,1,2,46,1,688,0.0
1.0,1.0,0,0.0,56488.7210900156,32629.7965253739,199819.42128215,360,0,2,31,0,412,0.0
1.0,1.0,0,0.0,71678.5637065192,237.374559982206,168445.860145412,240,0,2,28,0,400,
1.0,1.0,1,1.0,122258.204020876,26792.6315857922,256505.213316048,180,0,1,46,0,412,0.0
1.0,1.0,1,1.0,60420.0768326551,22163.4008054041,187660.672320807,360,1,0,29,1,833,1.0
0.0,0.0,1,1.0,99850.3070633623,34126.8813435679,91065.4434101872,120,1,2,36,1,730,0.0
0.0,0.0,3,1.0,63189.2501360825,4844.18620349455,112017.411958331,180,0,2,23,0,486,0.0
1.0,0.0,0,1.0,74180.0751517702,11578.5134887276,229932.379679555,240,1,2,21,1,762,1.0
1.0,1.0,2,1.0,22401.5122972191,7576.71987123428,157025.44521428,120,1,2,31,0,651,1.0
0.0,,1,0.0,89538.6885223655,14297.7637942537,219171.203927798,360,1,2,44,1,779,1.0
0.0,0.0,0,1.0,90385.6784728353,20614.7262982613,92249.5751300048,180,1,0,52,1,703,0.0
1.0,1.0,0,1.0,55470.3180230033,16764.8418366295,213893.826052098,360,1,1,33,1,736,0.0
0.0,0.0,1,1.0,29685.1177000553,33463.9592059924,124832.163097526,60,1,0,33,1,778,0.0
0.0,1.0,2,1.0,49511.0372747469,17690.526930157,125638.952916588,120,1,2,45,1,796,0.0
0.0,1.0,2,1.0,60938.6980412073,23918.7763457027,151478.114343605,180,1,1,40,1,775,0.0
1.0,1.0,2,1.0,57020.613804654,12877.5569016006,169311.303205229,60,1,2,46,1,779,0.0
1.0,0.0,0,1.0,42430.5239731588,23155.9424459616,253957.83492334,240,0,1,31,0,352,0.0
1.0,1.0,0,1.0,73630.0139474524,30723.9821027032,118318.006704471,120,1,2,43,1,821,0.0
1.0,0.0,1,1.0,55450.4748009318,11758.2313895935,74522.4188765022,300,1,2,37,1,809,
1.0,1.0,2,1.0,64442.6754326742,5896.75658071716,139482.119811154,240,0,1,50,0,497,0.0
1.0,1.0,0,0.0,85899.7116963391,10029.6930933409,181261.423543655,240,0,2,38,0,546,0.0
1.0,1.0,0,1.0,101847.745513709,28060.7220387162,129328.059881174,300,0,1,36,0,623,0.0
1.0,0.0,0,0.0,48338.4512286212,5756.42666369624,170304.255493721,120,0,1,36,0,502,0.0
1.0,0.0,0,1.0,54629.3870418833,16175.886298872,135645.889844249,60,1,0,21,1,833,0.0
1.0,1.0,0,1.0,45603.1158321058,10835.6156675197,162574.683497099,240,0,2,42,0,422,1.0
1.0,1.0,0,1.0,83685.1329039234,22489.3611380592,182186.700059605,360,0,1,47,0,554,0.0
1.0,1.0,2,1.0,67634.6833792501,13754.5152031357,159422.004021037,180,1,0,44,1,687,0.0
0.0,0.0,3,1.0,51114.1347984777,0.0,189183.023711335,360,1,1,34,1,673,0.0
0.0,1.0,1,0.0,36594.3858720645,5536.86177252203,201570.7953217,240,1,0,39,1,718,0.0
0.0,1.0,3,1.0,46010.0955966471,22791.3062558835,80095.8980040608,360,1,1,35,1,765,0.0
0.0,1.0,2,1.0,95309.0848056219,0.0,172643.716339744,240,1,1,48,1,747,0.0
1.0,1.0,0,0.0,71124.6001880132,15974.341102973,170910.753913309,240,1,2,33,1,847,0.0
0.0,0.0,0,1.0,42765.9385948748,26435.6604492861,164161.247930535,240,0,1,33,0,539,1.0
0.0,1.0,1,1.0,50161.9510498759,18454.1418164385,172485.630374825,120,0,2,30,0,443,0.0
1.0,1.0,1,0.0,28321.9435302855,30602.5552953093,176239.628775066,60,0,2,53,0,396,0.0
0.0,1.0,0,1.0,55221.3580166061,22497.4547543834,239155.725999625,180,1,1,27,1,850,1.0
1.0,1.0,1,0.0,66846.7566897924,12607.2685284814,109808.767587862,60,0,2,33,0,423,0.0
1.0,1.0,0,0.0,81717.9113166315,4498.1346263833,224736.550363465,300,0,2,31,0,486,0.0
1.0,1.0,2,1.0,50257.492324706,12419.5448438883,208509.616703528,60,1,0,41,1,719,0.0
1.0,1.0,0,1.0,42030.6403641792,0.0,123261.387197109,300,1,2,21,1,742,0.0
1.0,1.0,1,1.0,33307.7878617953,22932.6249595503,132782.704753314,300,1,1,21,1,652,0.0
1.0,0.0,0,1.0,71379.6615837055,5668.9392281289,185275.669303012,180,0,2,25,0,447,0.0
1.0,1.0,1,0.0,89948.6336635925,23092.5862812329,217917.85832153,240,0,2,21,0,551,
1.0,1.0,3,1.0,63592.4454526384,15167.0086726755,143692.922506134,60,0,2,33,0,645,0.0
1.0,1.0,0,1.0,81077.8310459176,18932.9513816648,198186.893858655,120,1,1,21,1,844,0.0
1.0,1.0,3,0.0,51771.4678576799,4643.95943954605,215574.040948014,60,1,2,38,1,796,0.0
0.0,1.0,1,0.0,48692.1405942919,12865.6730291207,75519.5193824498,360,1,0,36,1,797,0.0
1.0,1.0,1,1.0,68644.333815185,24837.3604390356,105780.989231889,240,0,2,21,0,498,0.0
0.0,1.0,0,1.0,48518.3484582546,7271.66269111036,167206.685241403,240,0,1,50,0,607,1.0
0.0,0.0,1,0.0,94493.9329952221,18044.9220168014,117414.792589088,300,0,0,37,0,427,1.0
1.0,1.0,0,1.0,48168.5722232834,23569.7553698278,202086.642632729,300,0,2,29,0,338,1.0
0.0,1.0,1,1.0,48688.4726425202,24496.4149861653,162222.722480277,360,0,0,34,0,637,0.0
0.0,1.0,1,0.0,39956.2508843705,2310.17422745501,125502.798951301,60,1,1,21,1,753,0.0
1.0,0.0,1,0.0,66197.8955876126,23944.5884310512,108343.343315982,60,0,0,23,0,428,0.0
1.0,1.0,2,1.0,90760.7313293194,0.0,190477.094412647,120,0,0,24,0,566,
1.0,1.0,1,1.0,24618.993925212,23730.660663321,212653.186346445,360,1,0,31,1,834,0.0
1.0,1.0,0,1.0,57525.4210745032,15018.0350635641,66996.5925297151,300,1,2,44,1,827,
1.0,1.0,2,1.0,36419.2041768039,24943.5151981542,184809.485791312,120,1,2,45,1,800,0.0
1.0,1.0,2,1.0,38255.0812227439,3761.21594874405,225404.142507201,300,0,1,47,0,597,0.0
1.0,0.0,2,1.0,59813.9935772277,7932.93231626994,147691.902801501,60,1,2,31,1,748,0.0
1.0,1.0,0,0.0,64167.656158951,20880.7667516783,137885.59509108,360,1,1,29,1,656,0.0
0.0,0.0,0,0.0,15000.0,18364.997888209,194342.132974429,180,0,1,30,0,551,
1.0,1.0,2,1.0,37564.9779428822,16860.6843247054,162486.274352679,300,1,1,31,1,793,0.0
1.0,,1,1.0,30729.7010373576,22382.3723081616,161409.364448047,300,1,2,35,1,739,0.0
0.0,1.0,2,0.0,33282.7519166277,25945.6245461379,189696.756045525,300,1,2,30,1,761,0.0
,1.0,1,1.0,38596.1687421133,10615.7263278472,192786.766043042,300,0,0,24,0,359,0.0
1.0,0.0,0,,63909.6346310658,0.0,83208.6577424739,300,0,2,28,0,301,0.0
0.0,1.0,1,1.0,45755.5847270189,4041.29189201282,203392.83386472,120,0,2,42,0,603,0.0
1.0,1.0,2,1.0,36068.8414276662,5244.67064385368,130112.985787723,300,0,0,29,0,553,0.0
0.0,1.0,1,1.0,36439.1826524723,5757.31597404928,126450.509486799,240,0,2,32,0,439,1.0
0.0,1.0,3,0.0,67783.1839133585,8818.24957899831,20000.0,300,0,1,22,0,336,0.0
1.0,1.0,0,0.0,55259.7605997474,603.918692011726,103147.116176693,120,1,1,43,1,809,1.0
1.0,0.0,0,1.0,45819.5808473901,26109.1114473443,77630.1953970529,120,1,0,43,1,658,1.0
1.0,1.0,2,0.0,69533.0208160111,5288.10130862008,224307.961850926,300,1,0,42,1,748,0.0
0.0,0.0,0,1.0,55562.2345741546,20930.5405028302,211117.262823398,60,1,2,49,1,796,
0.0,1.0,1,0.0,47314.2830462119,14026.888492984,123620.132871047,120,1,2,45,1,697,0.0
1.0,1.0,2,1.0,58884.6184468458,39523.6991286872,176982.738717253,360,0,0,51,0,507,0.0
1.0,0.0,0,1.0,111594.186753086,22267.940464018,226756.086990632,60,1,1,30,1,780,1.0
1.0,1.0,0,1.0,34154.7460978876,12634.6261663146,206220.707498544,120,0,2,28,0,451,0.0
0.0,0.0,2,1.0,66752.053241504,12194.9794658838,128263.25159379,180,0,2,36,0,353,0.0
1.0,1.0,0,1.0,93398.4556280927,26106.7768405409,116531.688044062,240,0,1,46,0,419,0.0
1.0,1.0,2,0.0,48928.2351658401,17775.5251349353,196052.656402396,120,0,0,38,0,460,0.0
1.0,0.0,0,1.0,50241.7718370859,18953.7368118566,211305.229266703,360,0,2,41,0,415,0.0
0.0,1.0,0,1.0,69249.672481337,12654.2097038081,154101.496469405,180,1,2,36,1,724,
1.0,1.0,3,1.0,50327.6572088912,33628.6912140017,123827.378508277,180,1,2,39,1,762,1.0
0.0,1.0,1,1.0,53887.6177786337,4602.06775471765,124428.123560873,120,1,2,45,1,849,1.0
0.0,0.0,0,1.0,73170.8854534566,9734.44866863298,174726.124602438,360,0,1,28,0,403,0.0
1.0,0.0,0,1.0,69981.9163227549,9939.10708808111,136319.672173291,120,1,0,21,1,733,0.0
1.0,0.0,1,1.0,23640.4154922569,21972.3804639031,109289.766130731,240,1,1,41,1,761,1.0
0.0,1.0,1,0.0,47460.6588442446,31505.7296323284,137829.676260244,120,0,1,49,0,398,0.0
1.0,1.0,3,1.0,77383.1212877854,24886.0879349917,241123.167149689,300,0,1,32,0,452,0.0
1.0,0.0,0,0.0,32214.0253957801,13486.0250805859,178704.064105326,180,0,0,43,0,648,1.0
1.0,0.0,0,0.0,64675.7182358149,0.0,214687.657793298,60,0,1,31,0,637,
,1.0,1,1.0,59581.968120717,0.0,108067.11812397,300,0,1,41,0,493,0.0
1.0,1.0,3,0.0,58232.7408158932,0.0,173213.187161789,180,1,0,43,1,703,0.0
1.0,1.0,1,0.0,63555.0021253606,28355.7045553675,103019.524145107,240,1,0,40,1,812,1.0
0.0,1.0,1,1.0,85251.6820685436,23085.7100689011,120150.648447723,300,0,2,34,0,507,1.0
1.0,1.0,1,1.0,67706.3475945767,13505.4430683501,175326.719569295,180,1,2,33,1,838,1.0
0.0,0.0,1,1.0,73917.2767818757,16794.1417104884,159016.062458864,60,1,2,38,1,818,0.0
1.0,1.0,2,1.0,56547.4540011836,22979.752545819,82943.4983672144,180,0,0,42,0,460,0.0
1.0,0.0,2,1.0,73307.3787006566,6498.02254185344,93509.2484867718,120,0,0,29,0,367,0.0
1.0,1.0,1,1.0,74903.0172856963,14766.0603975605,116181.774848219,300,1,2,21,1,682,0.0
0.0,1.0,1,1.0,40848.6208996957,15849.7296263582,193009.260539092,360,0,0,29,0,576,1.0
1.0,1.0,2,1.0,68081.0171362907,25628.5369303321,91624.9588059642,300,0,1,37,0,603,
0.0,1.0,0,1.0,63945.8453126241,30154.138153482,139574.678452312,180,1,1,28,1,797,1.0
1.0,0.0,2,0.0,51344.5223282322,0.0,126065.39055304,240,1,1,37,0,777,1.0
1.0,1.0,1,0.0,38192.018451143,14411.6714586847,207658.484922742,300,1,1,36,1,785,0.0
0.0,1.0,2,1.0,63789.5964244216,1875.3269655145,159701.050225289,60,1,2,38,1,784,0.0
1.0,0.0,3,1.0,54110.8848482393,21102.3500569399,114302.354392022,120,0,1,26,0,494,0.0
0.0,0.0,0,1.0,39089.4102865189,16711.8714374566,232816.125390177,360,1,0,27,1,794,0.0
0.0,1.0,1,1.0,53698.2653761178,7030.13331186122,139662.279828536,120,1,1,41,1,777,0.0
0.0,1.0,1,1.0,56774.2857666798,6046.45626340799,173186.152877855,300,1,2,34,1,682,0.0
1.0,0.0,2,1.0,60303.6588508086,27374.6459173353,105701.871600005,180,0,0,33,0,475,1.0
0.0,1.0,2,1.0,64145.3465879788,21763.570476749,163081.263179038,360,1,2,32,1,836,0.0
1.0,1.0,2,1.0,67858.2702109643,11990.6470702986,120853.525220036,120,0,0,56,0,321,0.0
1.0,0.0,0,1.0,99831.0660440946,20586.9528292182,128307.623832371,60,0,2,25,0,537,0.0
0.0,1.0,3,0.0,70033.7009033757,5086.65607765749,148554.923825106,360,0,2,30,0,457,0.0
0.0,1.0,2,1.0,61645.6797855084,14976.3108386719,93582.4331244611,120,0,1,37,0,337,0.0
1.0,1.0,3,1.0,88392.0600902727,10673.6248366647,240220.541334921,300,1,2,30,1,758,1.0
0.0,1.0,0,0.0,18992.8508543159,15437.1039699198,185552.305127265,180,0,1,41,0,350,0.0
1.0,0.0,2,1.0,57928.2629318843,19862.8730474089,139265.272630658,240,0,0,37,0,563,0.0
0.0,1.0,1,1.0,90615.0166468739,44430.4833526862,108579.838912587,360,0,0,29,0,582,1.0
0.0,1.0,1,1.0,80991.0543063867,28465.7166261029,182479.066582308,240,1,1,32,1,676,1.0
0.0,1.0,0,1.0,43614.84280557,19664.4459684026,197185.081719992,240,0,2,37,0,525,0.0
1.0,1.0,0,1.0,66022.1467838348,26877.1338413845,132077.690534666,120,1,2,38,1,670,
1.0,0.0,1,1.0,,17079.2006738395,212308.249893897,120,0,2,46,0,585,1.0
1.0,1.0,2,0.0,40300.1374836596,1842.02591781858,87935.0363629521,120,1,1,36,1,746,0.0
0.0,1.0,0,0.0,79277.5823358981,16606.4994035311,120685.747522392,180,0,1,35,0,583,0.0
1.0,0.0,0,1.0,48398.9351725991,25073.0435747326,173543.442968769,360,0,0,48,0,616,0.0
1.0,1.0,0,0.0,42464.5243757631,4801.98666305406,234293.507611076,300,0,1,30,0,603,0.0
1.0,1.0,3,1.0,26902.8665626846,11063.8841796699,219347.994513664,180,0,2,53,0,446,1.0
1.0,0.0,2,1.0,56461.055450119,19090.6493833405,159868.630271983,120,1,1,40,1,653,0.0
0.0,1.0,0,1.0,35243.690023463,25189.2324008989,,240,1,2,31,1,684,0.0
1.0,0.0,3,1.0,60360.3374408889,9026.18938954857,104383.724296682,360,1,2,34,1,841,0.0
0.0,1.0,3,1.0,39229.1235831205,12049.4381019435,95265.3977986314,120,0,1,31,0,348,0.0
1.0,,2,1.0,87497.5283829637,9909.0619468843,152781.506188289,240,1,2,40,1,666,0.0
0.0,0.0,1,1.0,28892.5253231751,15732.1945031246,130703.343674221,120,1,2,22,1,821,1.0
0.0,0.0,2,1.0,66833.2046390525,18871.483160609,271304.280692652,240,1,2,35,1,807,0.0
1.0,1.0,0,1.0,70667.1848941089,19847.3464796892,189186.569837643,180,0,1,35,0,345,0.0
0.0,0.0,0,1.0,55949.5154587034,4811.94802409286,148403.305497459,300,0,1,33,0,305,
1.0,1.0,0,1.0,98280.6270773357,18537.7063089138,100607.096318387,60,0,2,35,0,398,0.0
1.0,0.0,0,1.0,44470.01719014,13533.6822595639,116532.195187485,300,1,2,25,1,773,0.0
1.0,1.0,2,1.0,78758.3107502131,2873.42867376686,283533.768743153,300,1,2,45,1,686,
1.0,0.0,0,1.0,34901.5466399541,0.0,158035.227563923,60,1,2,36,1,673,1.0
1.0,0.0,1,1.0,69508.6136505324,1532.14337884565,244190.55155924,180,0,2,36,0,648,0.0
1.0,1.0,1,1.0,101130.87129659,25103.7931328326,217177.325331102,120,0,2,45,0,601,0.0
0.0,1.0,2,1.0,,17808.9112660117,200857.383718965,300,0,1,24,0,480,0.0
1.0,1.0,0,1.0,61371.2594961205,9525.92477233127,165662.08468468,120,0,0,37,0,394,1.0
1.0,1.0,0,1.0,60876.2294395822,14426.025362132,155757.615722023,120,0,2,30,0,398,
1.0,1.0,1,1.0,80743.1779731648,4418.53568705588,189878.281134297,180,0,0,29,0,487,0.0
0.0,1.0,2,1.0,61140.2624979416,22820.2738757412,48077.6737558913,240,1,0,39,1,765,0.0
1.0,1.0,1,0.0,61835.0496889674,3814.76515788367,148212.117781324,360,0,1,23,0,490,0.0
1.0,0.0,2,0.0,41676.1616903751,0.0,141593.017697541,240,1,2,21,1,809,0.0
0.0,0.0,0,0.0,60681.6693651845,13823.4506839783,281265.279013445,300,1,1,32,1,810,1.0
0.0,1.0,0,1.0,63691.0260639407,15017.830411046,145995.850087545,240,1,2,24,1,716,0.0
0.0,0.0,0,1.0,55404.0073884961,8657.25283182686,216755.230863431,120,0,2,46,0,427,0.0
1.0,1.0,2,1.0,29053.9202212326,24800.0423613389,126867.762905935,180,1,1,54,1,667,0.0
0.0,1.0,3,1.0,40200.8441489597,17644.8168495137,122717.23028187,300,1,0,39,1,674,1.0
1.0,1.0,2,1.0,62210.7063494788,14993.9151767771,153928.661048056,180,1,2,40,1,703,0.0
1.0,1.0,0,0.0,66773.7463584338,17687.7578914864,226365.411209729,180,1,1,23,1,707,1.0
1.0,,3,1.0,32397.9708357021,12188.3595753544,139364.004153454,60,0,2,32,0,622,1.0
1.0,1.0,0,1.0,106072.775042095,27523.46362298,116742.985035779,120,1,2,35,1,753,1.0
0.0,,2,1.0,44182.0123666489,30246.3859648275,143632.116593944,60,0,1,21,0,473,0.0
1.0,1.0,1,0.0,73869.5782382798,20838.83022284,202852.170958268,120,0,2,37,0,579,0.0
1.0,1.0,3,1.0,65213.4753164781,18246.5823550251,258347.963362348,300,0,2,35,0,413,
1.0,1.0,1,0.0,68316.7367257212,30018.7913379631,162181.001074491,180,0,0,47,0,587,0.0
1.0,0.0,3,0.0,81147.3661075645,12721.0744123416,177792.92296587,240,1,2,31,1,824,0.0
1.0,1.0,0,1.0,73241.0366951694,31776.2544215613,230477.082851918,120,0,2,38,0,641,1.0
0.0,1.0,2,1.0,58480.9795271495,27638.5593909638,222944.269431623,60,1,1,28,1,800,0.0
0.0,1.0,0,0.0,79556.310993724,17716.8358450003,150831.04906812,360,0,2,30,0,426,0.0
0.0,1.0,1,1.0,84921.7038499525,17408.767572004,144332.260294635,300,1,0,27,1,804,1.0
0.0,,0,1.0,71747.8339961202,31923.1301910487,194050.66735826,360,1,1,37,1,779,0.0
1.0,0.0,0,0.0,25141.0493902667,22177.3870665897,144351.476202546,60,0,0,32,0,572,1.0
0.0,1.0,1,0.0,60311.5809516293,19757.5199183153,171536.996699092,300,0,2,25,0,403,1.0
1.0,1.0,2,0.0,67908.4197077607,4918.93493239571,219829.892311158,180,1,0,41,1,810,0.0
1.0,1.0,0,1.0,52417.4451802502,21882.0530645288,63488.8936927257,360,0,2,30,0,598,0.0
1.0,1.0,0,1.0,61722.2173651795,10430.0816617476,125490.454688565,180,1,2,25,1,825,1.0
0.0,1.0,0,0.0,40376.6893772063,0.0,130195.801696036,180,0,2,35,0,338,1.0
0.0,1.0,2,1.0,41913.6674979118,6975.69960135163,151025.086468383,240,0,2,32,0,469,1.0
1.0,1.0,2,0.0,36005.4946981957,7815.16014838883,162818.049186923,240,0,2,44,0,546,0.0
0.0,0.0,0,1.0,84753.0751502399,25247.7411228172,153543.249852756,60,1,0,31,1,675,0.0
0.0,1.0,1,1.0,82019.1926999714,18137.231828969,216094.04960799,120,0,2,31,0,605,1.0
0.0,0.0,1,0.0,66148.0713943937,15873.5742526026,102077.530937259,180,0,0,27,0,312,0.0
1.0,1.0,1,1.0,55813.5264569626,34723.444790822,170632.068072148,180,0,2,37,0,615,0.0
0.0,1.0,3,0.0,83722.9094808459,11924.2261043625,155751.27831714,360,0,2,37,0,612,0.0
1.0,,2,1.0,40811.2152655304,19512.2601613609,131361.210276762,60,1,0,39,1,685,0.0
1.0,1.0,2,1.0,31526.3472623215,21040.9742635556,273765.690046805,360,1,2,33,1,822,1.0
1.0,1.0,1,1.0,64857.6402630055,3070.26628980863,115315.175376779,60,0,1,36,0,319,1.0
0.0,1.0,3,1.0,69726.1998670044,37369.7107706162,203542.879895624,240,1,2,37,1,714,1.0
1.0,1.0,1,0.0,80708.8683283389,1482.92467975353,137292.27345628,180,0,0,42,0,563,0.0
1.0,0.0,0,1.0,57169.407253243,14214.0920403118,201300.706285364,120,1,2,50,1,793,0.0
1.0,1.0,1,0.0,49749.317787069,17295.7264107425,216120.216240586,300,0,2,36,0,441,0.0
1.0,1.0,3,1.0,24618.4819022176,37540.3810892112,176792.847124431,300,0,2,43,0,442,0.0
0.0,1.0,2,1.0,65448.4279330722,14520.1420514941,154334.728574276,180,1,1,37,1,741,1.0
1.0,1.0,1,0.0,59287.1703540503,1007.71740775368,142765.711962882,120,0,2,21,0,621,0.0
0.0,0.0,3,1.0,81975.5370397438,27121.2920423348,172051.791742538,180,0,1,33,0,587,0.0
1.0,1.0,1,1.0,59300.2301900607,36355.8673007736,150719.099812213,120,0,0,53,0,514,0.0
1.0,0.0,0,1.0,15000.0,11853.091712119,97669.0445953249,120,1,1,30,1,840,1.0
1.0,0.0,1,0.0,65382.5388249021,560.74452926243,20000.0,180,0,1,21,0,641,1.0
1.0,1.0,1,1.0,77487.7836142545,12118.4396948888,113704.095700311,120,1,2,25,1,700,0.0
0.0,1.0,0,0.0,46760.3564440678,24982.1765597173,138732.593314349,360,0,2,38,0,452,1.0
1.0,0.0,1,1.0,42971.8713147937,26288.4748754938,196930.553931274,240,1,1,21,1,835,0.0
0.0,1.0,0,1.0,69783.7426029532,3867.05165885368,75553.8871964711,240,0,2,41,0,362,0.0
1.0,0.0,3,1.0,50046.5495314192,0.0,103779.5715885,360,1,0,46,1,839,0.0
1.0,0.0,3,1.0,71948.0013969971,9720.05978234386,180495.456132732,360,1,1,37,1,774,0.0
1.0,1.0,1,0.0,72666.5365214247,23185.9461834321,155523.437794306,60,1,1,31,1,799,0.0
1.0,0.0,3,1.0,52046.4061277079,4106.57362287893,191297.610446297,120,1,1,30,1,707,0.0
1.0,1.0,3,1.0,96410.8781588363,10206.4605734391,272696.933646269,240,0,2,34,0,357,0.0
1.0,1.0,0,1.0,40032.9191852241,0.0,120034.860568813,60,1,2,21,1,735,0.0
1.0,1.0,0,1.0,52075.4064379648,22985.0133790722,76342.7061676735,120,0,2,36,0,604,0.0
1.0,1.0,1,1.0,52343.6562077406,16143.0875305924,248055.214564573,240,0,0,43,0,479,1.0
1.0,1.0,0,1.0,111163.985713365,7257.96181647099,187972.108691129,180,0,1,28,0,469,1.0
1.0,1.0,0,0.0,47646.962091313,0.0,263128.440416765,180,0,2,38,0,625,0.0
1.0,0.0,0,1.0,64279.5982146844,20991.0333186359,141906.761732113,300,0,2,35,0,570,1.0
1.0,1.0,1,0.0,63892.1491047448,19441.4517108725,178170.497541106,180,1,2,46,1,703,0.0
0.0,0.0,0,1.0,53594.0439092671,7946.83276084151,135860.339494533,180,0,2,39,0,400,1.0
1.0,0.0,0,0.0,21754.9004916044,11089.7533313442,171901.180266404,300,1,2,32,0,657,
1.0,1.0,1,0.0,85431.1018998831,9502.10640361966,160076.480289125,120,0,2,22,0,352,0.0
0.0,1.0,0,1.0,72767.8385121676,23187.6597084881,173378.745624107,180,1,2,42,1,709,1.0
1.0,1.0,1,1.0,52424.8032679381,17265.4275093099,169106.56379454,300,1,2,40,1,757,0.0
1.0,0.0,3,1.0,90591.0063892122,19572.1306369251,144861.62692562,180,1,0,39,1,654,0.0
1.0,1.0,1,1.0,43380.9976717792,29246.2773207724,,360,1,2,42,1,752,1.0
0.0,1.0,1,1.0,86578.6663907082,3195.39514767917,77730.0081609621,120,0,2,38,0,495,1.0
0.0,1.0,1,1.0,17388.6704038559,20308.6716206714,60190.1122332724,180,1,2,45,1,655,0.0
,1.0,0,1.0,69637.3212343698,15030.6011673857,110468.800436352,180,0,2,21,0,649,0.0
1.0,0.0,1,1.0,68364.1151177594,16148.4509027775,109076.245693491,180,0,2,26,0,346,1.0
1.0,1.0,0,0.0,57697.8061215352,9027.21064153752,157391.104515162,360,1,2,32,1,748,
0.0,1.0,2,1.0,73181.0868782684,11634.5507879088,177927.907664078,120,1,1,40,1,704,0.0
0.0,1.0,1,1.0,,15233.852146585,199391.721065399,120,0,0,30,0,607,1.0
0.0,0.0,0,1.0,82972.7469885743,21672.4514742924,103507.602580367,300,1,2,40,1,793,0.0
0.0,1.0,2,1.0,87112.757176099,19217.1693300309,132656.800603769,240,1,1,60,1,662,0.0
1.0,1.0,0,0.0,26664.731864216,6750.39313408759,115148.426531756,300,1,0,40,1,763,0.0
0.0,1.0,0,0.0,48796.3791960606,590.183654750813,146138.914420078,240,0,1,31,0,423,0.0
1.0,1.0,0,1.0,58609.3542751546,3689.31370065028,156821.345903364,60,0,2,34,0,405,
1.0,0.0,0,1.0,86924.5151240549,6699.29504870763,179325.7578809,240,1,0,37,1,807,0.0
1.0,1.0,1,1.0,51770.1371087564,24944.1452820758,71906.0714137784,300,0,2,24,0,446,0.0
1.0,0.0,0,1.0,43999.228712047,8003.99191297636,102759.275487913,360,1,2,28,1,794,
0.0,0.0,1,1.0,38787.8986720679,9923.05871610289,216148.665417277,240,1,2,41,1,769,1.0
1.0,1.0,2,1.0,54900.4556515828,2464.93987628238,156837.325132423,240,1,2,22,1,712,1.0
0.0,0.0,2,1.0,85917.4356372602,23259.2358303065,99455.9251705199,300,0,0,31,0,574,1.0
0.0,1.0,1,1.0,83469.4771497065,42922.0886790996,146845.122352282,180,1,1,30,1,741,0.0
1.0,0.0,2,1.0,91808.0713714727,21427.1715263148,204728.664561028,240,1,2,52,1,707,0.0
1.0,1.0,1,1.0,89550.6016211052,10010.1274402088,233389.896650225,120,1,2,40,1,832,0.0
1.0,1.0,1,1.0,70387.1749127577,19892.118246643,119756.28004954,120,1,1,30,1,739,1.0
1.0,1.0,1,1.0,63211.7886634352,6819.97815258253,194381.148169019,360,0,2,33,0,528,0.0
1.0,1.0,0,1.0,74670.9562701173,13707.0254296449,143267.79540876,360,1,2,37,1,766,0.0
1.0,1.0,0,1.0,80589.1496319671,16871.0710012509,125893.785783926,360,1,1,39,1,711,0.0
0.0,1.0,3,0.0,58385.6683978283,0.0,181855.952020561,240,0,1,28,0,578,1.0
1.0,0.0,2,1.0,105448.694408937,30425.4721137411,90221.2335888277,240,1,0,28,1,776,
0.0,,1,1.0,39201.8814574893,11123.7016733675,43567.543774074,300,1,2,43,1,786,1.0
0.0,1.0,2,1.0,64549.917514641,28158.2184001622,134221.615373273,240,1,2,27,1,789,0.0
1.0,0.0,0,1.0,52609.4614233328,16504.744987739,256607.323007185,60,1,2,33,1,778,0.0
0.0,1.0,1,1.0,65285.3654329127,19414.1975989295,244490.695194692,240,1,2,48,1,707,1.0
1.0,1.0,0,0.0,26306.6484554722,29717.0889836189,179757.866194236,180,0,2,34,0,421,0.0
1.0,0.0,0,1.0,122754.970673199,36591.2115460329,191233.431234571,360,1,2,34,1,650,0.0
1.0,1.0,0,1.0,58627.3190782906,29794.8176186087,136859.158835147,360,0,2,32,0,538,0.0
1.0,0.0,2,1.0,47885.7015399332,7040.11089991246,196419.433956808,240,1,0,31,1,683,0.0
0.0,1.0,1,0.0,19564.027200761,7393.9933557486,172369.314823671,300,0,1,38,0,395,1.0
1.0,0.0,0,1.0,62659.3934829375,19323.5271420034,124016.276089818,240,0,2,21,0,425,0.0
1.0,1.0,0,,72468.1427655983,0.0,74102.4434078374,240,1,1,35,1,767,1.0
0.0,1.0,2,0.0,47288.8431719119,18307.8380653823,184180.915596816,60,0,2,30,0,347,0.0
1.0,1.0,1,1.0,15000.0,30095.2399269885,173316.082459164,180,0,0,28,0,388,1.0
1.0,1.0,1,1.0,40013.9553541017,4703.03760366939,237818.899381399,240,1,1,32,1,766,0.0
1.0,1.0,1,1.0,72510.1603366207,21443.105001082,139365.513284744,60,1,0,37,1,778,0.0
1.0,1.0,1,1.0,59888.079623419,15657.8864864896,20000.0,180,1,2,35,1,665,0.0
1.0,1.0,0,1.0,53817.6707159499,22699.6873133522,151083.270585178,240,0,0,28,0,488,0.0
1.0,1.0,0,1.0,40354.1193149064,3202.23250625491,237200.511703786,300,1,2,21,1,841,0.0
1.0,0.0,1,1.0,59305.7646058951,23223.5047089575,158484.657898564,240,1,2,35,1,840,0.0
1.0,1.0,0,1.0,38879.3840006666,16926.1914758693,94105.2830639896,60,0,1,38,0,368,1.0
0.0,1.0,3,1.0,77456.4870201126,2022.71624318767,73744.7179492819,180,1,1,48,1,671,1.0
1.0,1.0,1,1.0,40746.9797616204,9897.08840436936,133832.316528064,120,1,0,30,1,742,1.0
0.0,1.0,0,,52969.7303191738,27888.634252063,126365.386113821,360,1,1,42,1,844,0.0
0.0,0.0,3,0.0,96592.4040343217,31102.9298048287,149852.72943337,120,0,2,25,0,375,
1.0,0.0,0,1.0,24963.4238649656,14361.2216716865,111632.625703091,300,0,2,29,0,453,
1.0,1.0,0,1.0,63139.4592193686,17956.6555148199,84354.351162088,360,1,2,43,1,793,0.0
0.0,1.0,0,0.0,59778.1599210279,6425.57570452783,135053.130149008,120,0,1,35,0,385,1.0
0.0,1.0,1,1.0,62188.1694366594,20737.671099019,194653.871728284,120,0,1,33,0,484,0.0
1.0,1.0,1,0.0,79028.9855411617,20163.9666778657,205060.979036385,60,0,0,46,0,584,0.0
1.0,0.0,1,1.0,37902.7441387495,0.0,186784.038187986,300,1,0,38,1,718,0.0
1.0,1.0,1,1.0,65742.4833040364,12297.3239563611,201359.739412143,240,0,2,29,0,346,1.0
0.0,1.0,0,0.0,54709.7031737877,7670.73961891464,196154.364622506,360,1,2,40,1,743,1.0
1.0,1.0,2,1.0,35218.9459494671,9030.27972098884,76219.362680853,240,0,1,40,0,537,1.0
1.0,0.0,1,1.0,56257.114699909,0.0,151103.385046843,120,1,1,25,1,839,0.0
1.0,0.0,2,1.0,72891.9086483035,8577.6752155601,125675.369222725,240,1,0,42,1,846,0.0
1.0,0.0,2,1.0,57112.7917615211,17990.857340211,180819.714526518,180,1,2,42,1,793,0.0
1.0,0.0,3,1.0,40745.3486943077,22740.2277407105,93424.7349323918,120,0,2,28,0,517,1.0
1.0,1.0,1,0.0,52293.7280627648,15567.4168329681,89783.5086410519,300,1,1,22,1,825,0.0
1.0,1.0,1,1.0,,9447.1950309467,106651.327178372,240,0,2,36,0,640,0.0
1.0,1.0,0,1.0,53466.0757362727,25714.7593025456,145913.166198425,300,0,2,24,0,338,0.0
0.0,1.0,0,1.0,62504.4900529581,16396.5167421589,158348.381166708,240,0,2,34,0,399,0.0
1.0,0.0,2,1.0,63786.5661458474,12236.6470495578,196199.133956007,120,0,0,21,0,588,1.0
1.0,1.0,0,1.0,75833.2538792587,21190.3294658853,28493.8812136322,300,0,2,27,0,553,1.0
1.0,1.0,1,1.0,36566.9130536487,12985.8009992302,176873.10433626,300,0,2,38,0,521,0.0
1.0,1.0,1,0.0,77826.0737373951,25179.5705242935,174635.77097307,360,1,1,21,1,750,0.0
1.0,1.0,2,0.0,95927.2164585392,15212.2265083425,139015.647748808,300,0,1,39,0,322,0.0
,1.0,3,0.0,84420.673910507,24853.9971145004,128240.33339011,120,1,2,33,1,659,0.0
1.0,0.0,0,1.0,30054.8470964271,13549.6630847157,204386.337566942,180,0,0,32,0,545,0.0
1.0,1.0,1,1.0,64463.0610949539,9583.79236690812,216772.653085087,60,0,2,41,0,624,
1.0,1.0,0,1.0,95695.5007837019,5769.27603684422,215288.828914376,300,1,1,37,1,749,0.0
1.0,1.0,2,1.0,83391.7998485554,24437.1550575604,104888.089864261,300,1,1,35,1,683,0.0
1.0,0.0,0,1.0,89557.8808948303,27212.9494568514,109639.216125778,300,0,2,33,0,479,1.0
1.0,0.0,0,1.0,34188.7715610756,4543.05029122087,123815.723366155,180,1,1,32,1,787,0.0
1.0,1.0,0,1.0,75216.9330862295,7776.5259538497,184417.3518519,300,0,0,31,0,549,1.0
0.0,0.0,0,0.0,70993.6637258051,21611.5292866134,109847.879946787,240,1,2,32,1,796,0.0
0.0,1.0,0,1.0,64445.797116017,10093.8776597334,85491.6292774271,240,0,1,45,0,395,
1.0,1.0,0,1.0,57514.2844567512,8062.33392503249,186623.826461904,300,1,2,32,1,650,1.0
1.0,1.0,1,0.0,64069.2727173444,11674.2062015012,202852.950567828,120,0,2,21,0,624,1.0
1.0,1.0,0,1.0,82066.0376403304,19608.2486540386,154563.594908378,300,0,1,33,0,303,0.0
1.0,1.0,1,1.0,69916.1004205514,16434.2893703732,125606.54559631,360,1,2,40,1,665,0.0
1.0,0.0,0,1.0,84261.9539995836,29364.2951955886,,180,0,1,34,0,579,0.0
1.0,1.0,3,1.0,46496.4345005123,14669.7473628043,138787.95222259,360,0,2,27,0,635,
1.0,1.0,3,1.0,59837.735967765,18360.7541250534,130486.623453419,60,0,2,48,0,546,0.0
0.0,,3,1.0,21812.8782498541,20709.4569460387,172577.374561975,180,0,1,40,0,557,
1.0,1.0,0,1.0,,13271.5432518588,172958.065798927,360,0,2,43,0,459,0.0
1.0,1.0,1,1.0,87863.6251586981,8106.70931919928,213702.982163339,360,0,1,26,0,639,1.0
1.0,0.0,3,0.0,78513.4441900544,14576.6810433978,151458.721338404,240,0,0,39,0,451,1.0
0.0,1.0,1,1.0,55268.894255621,11425.849518293,124912.111941513,120,0,1,32,0,477,0.0
1.0,1.0,0,1.0,56061.5638400622,13453.0966886544,286424.98726483,120,0,2,39,0,462,0.0
0.0,1.0,1,0.0,61425.0749982178,26494.8736401036,82750.6665695795,360,1,2,41,1,773,1.0
1.0,1.0,0,1.0,56253.4196318725,8515.30799980862,126190.04198005,180,0,0,21,0,332,0.0
1.0,1.0,1,0.0,27136.2237769166,9412.00427937659,159430.61709875,360,0,1,45,0,478,0.0
0.0,1.0,0,0.0,33375.3409288444,4435.02929374739,153868.714138041,240,1,0,24,0,820,1.0
1.0,1.0,1,0.0,60415.8741535081,24942.9882668762,218337.336834719,360,0,2,42,0,400,0.0
1.0,0.0,0,1.0,27239.4188512796,16030.7822153084,97516.2942121602,300,1,0,31,1,661,0.0
0.0,1.0,2,1.0,60290.179985253,17448.9730171272,173554.020204844,360,0,2,32,0,622,1.0
1.0,0.0,0,0.0,40981.7854062553,23855.7708169504,234253.217266659,60,1,1,34,1,714,0.0
1.0,0.0,2,1.0,52053.5349489727,7836.05706299253,140620.149995419,300,0,0,42,0,467,0.0
0.0,0.0,0,0.0,15000.0,16848.2703362165,133420.311053422,120,0,0,27,0,629,
1.0,1.0,0,1.0,90864.8705654437,10966.2025403131,181255.527312447,240,1,2,49,1,692,1.0
0.0,1.0,1,1.0,40686.7039295358,24537.6025581135,35916.8963789711,120,0,2,34,0,343,0.0
1.0,1.0,0,1.0,72164.9238336993,15445.6961088927,238532.093623133,60,0,2,41,0,584,0.0
0.0,1.0,1,1.0,76501.9652933527,4195.92670721498,164313.666838872,180,1,2,49,1,790,0.0
0.0,1.0,0,0.0,55428.0016931996,4858.35781873031,177182.70641403,300,1,2,35,1,661,0.0
1.0,0.0,3,1.0,74166.0769440212,24080.2266253619,79707.0157067267,180,1,2,32,1,744,0.0
0.0,0.0,1,0.0,40207.4372685932,15430.3097332128,128393.947843529,120,0,2,30,0,601,0.0
0.0,0.0,0,1.0,26186.5674478709,7588.3733136517,219954.87396317,360,1,2,42,0,779,1.0
1.0,1.0,2,1.0,68275.9819490299,46176.8112920804,141818.316457125,300,1,0,47,1,684,0.0
0.0,0.0,0,1.0,85590.3733952031,12993.1478162467,184787.289623632,300,1,2,36,1,730,0.0
1.0,1.0,3,0.0,57709.2030949476,23800.6596295734,83624.6254731284,360,1,2,37,1,739,
1.0,1.0,0,1.0,69353.8634353086,39187.7777931346,110771.650369873,60,1,2,30,1,657,1.0
1.0,0.0,1,1.0,56283.084956145,28755.969643042,29231.8368960735,240,0,2,33,0,392,1.0
0.0,0.0,3,1.0,44142.5433547531,4957.09436505746,124870.674304715,120,1,2,43,1,803,1.0
1.0,0.0,0,1.0,88577.1541562713,8179.25201976217,199479.966479523,60,0,1,24,0,389,0.0
0.0,1.0,1,1.0,87183.7898832805,0.0,221112.925428816,240,0,0,41,0,414,0.0
0.0,1.0,0,0.0,41491.5074788082,24280.1565915168,224613.225473752,180,1,0,31,1,754,
1.0,0.0,0,0.0,54498.9660569671,15375.7485933586,223925.693928677,60,1,2,33,1,784,0.0
,1.0,0,1.0,47991.5286852259,36857.3061672257,138306.019834331,240,0,0,51,0,495,0.0
1.0,1.0,2,1.0,35351.37521672,21259.320959729,173039.44241307,240,1,0,40,1,707,1.0
1.0,1.0,1,1.0,59174.1462598543,12198.8899224999,164183.922484942,180,1,1,23,1,763,1.0
1.0,1.0,0,1.0,58678.4040270536,30404.4123977667,163504.220567388,180,0,2,45,0,374,
0.0,1.0,0,1.0,94234.1696028468,15582.1272708505,118626.941676214,360,0,0,38,0,516,0.0
0.0,1.0,3,1.0,110538.648517472,16869.9020972466,165339.498123072,360,1,2,46,1,670,
0.0,1.0,1,1.0,44088.8586411823,33478.669957021,126151.207002297,240,1,2,40,1,813,0.0
1.0,1.0,0,0.0,67779.5745870436,15142.8721188398,103352.576491348,300,1,1,21,1,787,1.0
1.0,1.0,0,1.0,80969.6530210118,10333.8103182435,175652.393370512,240,1,2,21,1,750,1.0
1.0,1.0,0,0.0,25922.5682634656,11171.8251901325,181659.758933595,180,1,1,39,1,850,0.0
1.0,0.0,0,1.0,53442.1056697416,2068.77749595029,110856.674485125,300,0,1,40,0,491,1.0
1.0,1.0,1,1.0,54052.4784151378,30193.3635109064,148806.451584527,300,0,0,45,0,526,0.0
1.0,1.0,1,0.0,59985.828108467,18431.5855419741,179725.450131573,180,0,2,21,0,476,0.0
1.0,1.0,1,1.0,81774.9723940837,7092.29080914646,185347.750496027,60,1,1,29,1,748,0.0
0.0,1.0,2,1.0,19215.3564447979,0.0,226900.814093081,180,1,1,42,1,685,0.0
0.0,0.0,0,1.0,69156.1121985157,12592.7569601094,91654.1099314278,240,0,2,33,0,395,0.0
0.0,1.0,0,0.0,90569.3685282506,14800.8160370026,158193.570086822,300,0,2,33,0,451,0.0
1.0,1.0,2,1.0,81830.1370384492,22026.599984993,68883.9693353117,60,1,2,43,1,800,0.0
1.0,1.0,1,1.0,76695.0265264976,21067.621502064,189173.405310445,240,0,1,26,0,489,0.0
1.0,1.0,1,1.0,25070.6654884193,32624.7316486961,147195.713686066,120,0,1,35,0,523,0.0
0.0,1.0,0,,68392.1994404823,27812.3865352298,159831.887087512,120,0,2,25,0,336,0.0
0.0,1.0,1,0.0,16933.1416025751,0.0,89203.1091012049,60,0,2,42,0,567,0.0
1.0,1.0,0,1.0,57251.0297074461,5439.41448316605,234144.419447391,120,0,1,37,0,482,0.0
0.0,1.0,1,1.0,80575.3798284696,18708.6779247102,174662.708809651,180,0,0,37,0,312,0.0
1.0,1.0,1,0.0,15000.0,27914.6888906536,122297.780795596,180,1,2,35,1,672,1.0
1.0,1.0,0,0.0,16606.4516454859,27473.0365066467,176814.503128273,360,0,2,47,0,516,0.0
0.0,1.0,2,1.0,65143.9794071185,16803.050513375,34177.7571536254,180,0,0,36,0,585,1.0
1.0,0.0,1,1.0,38582.1500387777,0.0,144772.430571573,180,1,2,34,1,666,0.0
1.0,1.0,0,0.0,82508.6956882953,0.0,128828.170841036,300,0,2,23,0,361,0.0
0.0,1.0,2,1.0,47344.8994022992,35401.3388599691,171599.82816848,300,0,1,22,0,383,0.0
1.0,0.0,2,1.0,65854.309642837,13959.907722753,232733.415793335,240,1,2,46,1,761,0.0
0.0,1.0,1,0.0,17521.0483459867,9736.09134889322,216912.481538103,300,1,1,32,0,735,1.0
0.0,1.0,0,1.0,52880.5183122833,14299.7022319195,141454.497326262,60,1,2,31,1,790,0.0
1.0,1.0,1,1.0,76814.6896425909,32340.4195442261,108312.637964044,180,1,0,43,1,836,0.0
1.0,1.0,1,1.0,47769.643940161,9938.10938914664,157300.530488786,300,1,2,39,1,668,1.0
1.0,1.0,0,0.0,66034.0001780347,15459.6093604893,113980.582059976,180,0,2,47,0,476,0.0
1.0,0.0,0,0.0,41626.961070316,7492.70392994401,116439.446243305,120,1,1,31,1,749,0.0
1.0,0.0,1,0.0,58451.1307854801,0.0,82578.6243609509,360,0,2,46,0,532,1.0
1.0,1.0,0,0.0,50708.3784376876,22138.7744409013,81829.7876331243,60,1,2,29,1,796,0.0
1.0,1.0,2,1.0,67349.633309486,10050.3544910929,165956.042093427,120,0,0,33,0,375,0.0
1.0,1.0,2,0.0,19497.1482668478,8685.97444433441,265083.742602538,60,1,2,23,1,658,0.0
0.0,1.0,1,0.0,35003.5932082127,16206.0854761357,175100.094453328,300,0,2,29,0,583,0.0
1.0,1.0,0,1.0,66617.0260923115,18286.440258048,111892.076848689,240,1,0,38,1,777,0.0
1.0,1.0,0,1.0,46107.9926167371,25679.9777805897,254604.928580895,60,0,2,33,0,351,0.0
1.0,1.0,2,1.0,55507.3370000595,36216.313073302,208971.223407021,180,1,0,34,1,732,0.0
1.0,0.0,0,1.0,42107.8539556099,1951.8310956705,161135.803130048,180,0,2,21,0,443,1.0
1.0,0.0,1,1.0,57545.8213280855,8216.65370664506,207165.2137165,60,0,2,46,0,368,0.0
1.0,1.0,2,0.0,67345.7462680268,18726.4818648005,164100.027127725,240,1,1,26,1,748,0.0
1.0,0.0,1,1.0,85062.6564953648,25260.8744096,142555.860198955,120,1,1,28,1,789,0.0
1.0,1.0,0,1.0,83434.3582943231,0.0,72061.8873430929,120,0,0,41,0,324,0.0
1.0,0.0,1,1.0,53925.4794244667,10108.4382481578,103047.342814901,360,1,1,38,1,829,1.0
1.0,1.0,0,1.0,49542.7994569346,14877.0155069194,76604.0911180599,120,0,1,27,0,352,0.0
1.0,1.0,0,0.0,68695.4012911378,17075.4229488874,167911.729700722,360,0,1,32,0,450,0.0
0.0,0.0,0,1.0,73910.7551513155,15565.1064846555,216696.781994397,180,0,0,44,0,443,0.0
1.0,0.0,0,0.0,91890.1012644994,28663.8941185443,121043.558149656,60,0,1,41,0,356,0.0
1.0,0.0,2,0.0,73374.8331118502,31629.3144718983,139851.582842605,240,1,2,42,1,688,0.0
0.0,1.0,2,0.0,37926.6034293926,12839.9857842688,130434.844802977,300,1,2,44,1,758,0.0
0.0,1.0,0,1.0,61511.5274534007,19226.2861719256,169645.367950719,60,1,1,45,1,830,0.0
1.0,0.0,0,1.0,73964.4662722717,22074.5771086438,142591.073325088,60,0,1,37,0,341,1.0
1.0,0.0,1,1.0,42209.7114074895,6160.01143253559,276225.463830374,240,1,1,43,1,835,0.0
1.0,,0,1.0,66759.1110829005,18850.5516793783,89795.6524914401,300,0,2,32,0,522,1.0
1.0,1.0,0,0.0,73046.1230322046,22796.9618217949,65671.4878459282,120,1,1,26,1,771,1.0
0.0,1.0,0,1.0,29799.1757602949,24067.8426667542,124718.97070404,120,0,2,40,0,432,1.0
0.0,1.0,1,1.0,42250.156443958,34186.063338762,167482.487857373,180,1,0,33,1,812,0.0
1.0,1.0,1,1.0,85577.3162662678,12172.4067237063,183149.68510263,240,0,1,23,0,514,0.0
1.0,,2,1.0,101916.870036183,23201.4359412306,132416.287857811,300,1,1,36,1,724,0.0
1.0,0.0,1,1.0,67766.2401084689,16237.5464252427,205039.990271135,60,1,1,30,1,795,1.0
1.0,1.0,1,0.0,88969.9845978585,12941.6014007865,189169.236207712,300,1,0,32,1,725,0.0
1.0,1.0,2,1.0,63924.8188133344,11290.6889639233,214585.780376062,120,1,1,39,1,658,0.0
1.0,1.0,2,0.0,81600.9613142929,23444.5587207166,219398.279198668,360,1,1,33,1,723,0.0
1.0,1.0,0,1.0,58759.9198126793,18358.4726472006,227883.963591112,180,0,1,34,0,552,0.0
0.0,1.0,0,1.0,44077.26393627,0.0,124068.74993678,300,1,2,37,1,656,0.0
1.0,1.0,1,1.0,61198.6526053265,0.0,134046.854010765,180,1,2,40,1,823,0.0
1.0,1.0,0,1.0,83005.3479179659,30206.4009601704,154239.886451307,300,1,1,30,1,790,0.0
0.0,1.0,0,1.0,63808.4777985011,10634.8513673445,154708.823458682,360,1,0,25,1,817,0.0
1.0,1.0,1,0.0,81472.6349971954,17573.7310641734,93220.1367237238,240,1,0,41,1,819,0.0
0.0,1.0,2,1.0,53181.8424530784,19799.3974114827,105553.759547011,240,0,1,32,0,582,1.0
1.0,0.0,1,0.0,44864.0982286107,31656.0321368652,155253.798560414,240,1,1,41,1,771,0.0
0.0,1.0,1,1.0,65795.4971379282,11971.14756201,145622.322677328,120,1,2,37,1,843,0.0
1.0,0.0,0,1.0,41844.8763970615,4113.06589523657,212316.490553747,180,0,2,26,0,304,0.0
0.0,1.0,1,0.0,53932.9986504573,3280.66070776805,196825.33030285,300,1,0,40,1,678,0.0
1.0,0.0,1,1.0,75807.4379210342,0.0,179170.245789909,300,1,2,37,1,814,0.0
0.0,1.0,0,1.0,47835.4698511048,30891.4730163645,127637.744760634,180,0,2,37,0,638,0.0
,1.0,0,1.0,49528.4802318683,0.0,88952.4714500564,60,1,2,40,1,785,0.0
0.0,1.0,0,1.0,32978.5126758395,8996.61340993513,150640.715228324,180,1,0,30,1,758,0.0
1.0,1.0,0,1.0,76666.6782356061,7457.01867392857,64993.9565585869,180,0,1,43,0,620,0.0
0.0,1.0,0,1.0,63197.127839948,30929.6409602738,239101.205635073,360,0,0,43,0,641,0.0
1.0,0.0,0,1.0,70261.7084019458,6592.28110101375,117271.752920213,120,0,1,37,0,444,1.0
1.0,0.0,2,0.0,44062.0948905904,11306.8122984181,112091.809025003,300,1,0,46,0,720,1.0
1.0,0.0,0,1.0,52961.5736436698,17252.5668198359,194347.630373658,360,0,1,53,0,516,0.0
1.0,0.0,1,0.0,41901.0433412386,21281.029698337,113458.255015116,240,0,2,36,0,600,0.0
,1.0,2,1.0,61953.4075349667,26206.8570642259,129862.135504679,360,0,1,45,0,431,0.0
0.0,1.0,2,0.0,71015.9514454732,21769.9409737505,159423.949554474,360,1,0,23,1,685,0.0
0.0,1.0,1,1.0,69024.5063863701,23865.7949275764,146190.716502404,180,0,2,37,0,369,1.0
0.0,1.0,1,1.0,57314.4167562739,24256.7675771386,102800.749232605,180,1,1,51,1,808,1.0
1.0,1.0,1,1.0,110787.632455657,24661.2532553031,61968.1778331248,120,0,2,45,1,574,0.0
1.0,1.0,3,1.0,37760.6594845167,19058.2408667381,159129.390210716,180,1,2,29,1,838,0.0
1.0,1.0,0,1.0,73088.6205421124,17273.2590682319,229541.766696348,120,1,2,36,1,757,0.0
1.0,0.0,2,0.0,36006.0494326938,10374.6703368662,111063.024231542,120,1,1,32,0,831,1.0
0.0,1.0,0,1.0,70945.2959475593,20846.2295248674,135884.397903753,60,1,1,51,1,816,0.0
0.0,1.0,0,1.0,39841.7660914358,12482.2132607362,105019.06712271,300,0,2,41,0,390,0.0
0.0,0.0,2,1.0,68556.287903058,9845.3072691614,234708.787909552,120,1,0,21,1,739,0.0
1.0,1.0,3,1.0,89022.8721559008,26188.9459793066,176898.798491324,180,1,0,39,1,668,0.0
1.0,0.0,0,1.0,15000.0,21446.8980328423,186841.856205258,180,1,2,35,1,688,0.0
1.0,1.0,0,1.0,67726.4663562312,0.0,155554.417565241,180,1,1,36,1,775,0.0
0.0,0.0,2,0.0,49482.4064820959,11769.2425732297,240645.361032937,120,0,2,31,0,472,0.0
1.0,1.0,3,1.0,29369.2936951271,7293.82049874661,143378.720752833,300,1,2,38,1,790,1.0
1.0,1.0,2,1.0,65356.8727573266,9569.7805361421,169413.712746321,120,1,2,32,1,775,0.0
1.0,0.0,1,1.0,81661.0248635055,37919.1126681868,84513.4012816184,60,0,2,43,0,357,0.0
1.0,0.0,2,0.0,66481.1405644312,5119.97181997059,147935.961330381,240,0,0,29,0,447,0.0
0.0,0.0,0,1.0,61463.9398200338,4736.46377610103,132257.463432409,300,0,2,42,0,616,0.0
0.0,0.0,2,1.0,56987.7197074013,24632.2653389394,91052.929894631,60,0,0,39,0,300,1.0
1.0,1.0,2,1.0,93554.0162815288,12429.4759118693,41866.0494742735,240,1,2,37,1,780,0.0
1.0,1.0,3,1.0,57419.3176974043,12529.2056319228,121260.338639234,180,1,1,34,1,741,
1.0,0.0,0,1.0,44423.2591435913,17007.3854075838,185344.814545925,120,0,0,32,0,489,0.0
1.0,1.0,0,1.0,39683.563620432,14717.8212106277,20000.0,360,0,2,45,0,490,1.0
0.0,0.0,0,1.0,70300.7053441732,11005.3450952714,191647.272141252,120,1,2,24,1,762,0.0
1.0,0.0,2,1.0,55987.2140234913,22639.0290857564,176050.194830245,360,1,0,21,1,802,1.0
0.0,0.0,3,0.0,45808.4029050165,11792.16138148,166319.050392278,240,1,2,22,1,705,1.0
1.0,1.0,2,1.0,84008.2781588885,18813.5283458028,120746.84143017,60,0,0,33,0,416,0.0
0.0,0.0,0,1.0,37609.0774323366,11024.5130345422,111488.650844492,180,1,2,46,1,783,
1.0,0.0,2,1.0,31095.8947117554,21128.2532166932,62188.4882760211,120,0,2,31,0,357,1.0
0.0,0.0,0,1.0,72255.4781012514,0.0,57420.6582854706,180,1,2,54,1,693,1.0
1.0,1.0,1,1.0,33590.8677383144,11282.2098847651,190734.221864703,120,1,0,40,1,822,0.0
1.0,0.0,2,1.0,31850.7245124688,27727.1473397126,,300,0,2,33,0,459,0.0
1.0,1.0,0,0.0,65975.0581673137,16627.9661809991,168095.391818049,60,0,0,40,0,472,0.0
1.0,1.0,3,0.0,36932.9897880808,16299.9822580159,35032.1151881469,360,1,1,36,1,710,0.0
1.0,1.0,3,1.0,61516.0911638745,10567.3653518209,175319.337361644,300,0,2,34,0,602,0.0
0.0,0.0,0,1.0,77745.8167453348,11188.6230332658,102659.995290933,360,0,2,33,0,448,0.0
1.0,1.0,0,0.0,56482.9119113585,19672.5221518279,140916.953640709,120,0,1,34,0,379,1.0
0.0,0.0,0,0.0,33004.5386123753,11114.9293288114,,180,0,2,36,0,512,0.0
1.0,1.0,1,1.0,62730.7066216547,11548.9590318081,99057.8765312674,120,1,1,27,1,813,0.0
1.0,1.0,1,,65460.2143498877,28250.0465494563,212761.312331729,120,0,2,26,0,526,0.0
0.0,1.0,0,1.0,54364.3078227898,10642.3550302938,94992.8791864482,360,1,2,43,1,796,0.0
1.0,1.0,3,0.0,41243.4992016975,30821.1675130356,187942.388291939,240,1,2,32,1,669,0.0
1.0,1.0,1,,62562.0882982157,4339.67828372319,140646.286503863,240,0,1,38,0,346,0.0
1.0,1.0,0,1.0,39666.33742847,20105.3537845123,163910.229801049,180,0,0,42,0,532,0.0
0.0,1.0,1,1.0,35583.1270005795,15693.3716171534,114334.454985989,300,1,1,43,1,698,1.0
1.0,0.0,1,1.0,55132.3204124996,22065.0546354725,80826.6343772007,120,1,0,27,1,663,1.0
0.0,1.0,1,1.0,80721.7530209251,10446.5757685468,134984.092871726,180,1,2,32,1,792,0.0
0.0,1.0,1,1.0,45847.4821035594,12520.4579267211,86621.1147733461,60,0,0,33,0,300,0.0
1.0,1.0,1,0.0,36220.7316093007,0.0,132594.632739935,240,0,2,33,0,353,0.0
0.0,1.0,3,1.0,28595.5056021908,23220.6607803252,165941.352178976,300,0,2,28,0,558,1.0
1.0,1.0,0,1.0,103701.897900722,13861.7522769252,162129.796857673,120,1,2,38,1,793,0.0
1.0,1.0,1,1.0,73809.4537224302,11083.2939049596,174400.6743188,240,0,2,23,0,311,
1.0,1.0,1,0.0,69205.432499646,8289.85154337546,72623.4458862776,240,1,2,35,1,723,0.0
1.0,1.0,0,1.0,61350.3696282021,12709.1896907829,141491.37342996,300,1,1,51,1,665,
1.0,1.0,0,1.0,85618.7915333345,13783.1131431273,166714.99818755,120,0,2,27,0,455,1.0
0.0,1.0,1,1.0,,15403.0769933024,229883.749835249,360,0,2,38,0,307,0.0
1.0,,0,1.0,35521.1946647548,8709.62138796389,110108.893927861,60,0,2,41,0,421,0.0
0.0,1.0,0,0.0,73832.3715024277,12520.8397425699,127049.776988854,360,0,2,53,0,647,0.0
1.0,1.0,3,0.0,60705.2710394345,2305.34733987187,259211.530087745,60,0,2,33,0,463,
,1.0,0,1.0,16023.8808675983,14903.3557868665,149556.453385521,240,1,0,24,1,739,0.0
0.0,1.0,0,0.0,121965.988681425,0.0,112248.300204475,300,0,1,41,0,435,0.0
0.0,1.0,1,0.0,63988.4797197353,13496.7162623629,167200.005315251,120,1,1,28,1,835,
0.0,1.0,1,1.0,49062.8211751921,8697.50704995563,147244.927513383,240,0,1,28,0,615,1.0
1.0,1.0,1,1.0,70297.6719215274,0.0,111022.776232031,360,1,2,25,1,827,0.0
0.0,1.0,0,1.0,81930.942364605,10929.8410819322,167339.127729709,240,0,2,32,0,327,1.0
1.0,1.0,1,1.0,64657.3617485379,21097.377233367,217671.753145387,360,0,2,40,0,519,0.0
1.0,1.0,2,0.0,47843.5602581113,21628.4109302163,40317.6036870563,240,1,2,28,1,750,1.0
1.0,0.0,2,1.0,52310.8624204581,27075.0319495192,153437.502838178,120,0,1,29,0,340,0.0
1.0,1.0,1,1.0,49295.2957687886,29436.7031916623,132864.111156092,60,1,0,24,1,841,0.0
1.0,1.0,1,1.0,46205.4445187165,5289.37970892266,144479.94180492,240,1,2,37,1,804,1.0
0.0,0.0,2,0.0,53844.4353009399,0.0,158269.238451193,240,1,1,43,0,840,1.0
0.0,1.0,2,1.0,62227.452036801,21357.2652644054,149775.91018116,180,1,2,44,1,794,0.0
1.0,1.0,3,1.0,,0.0,188814.679537366,360,1,0,24,1,850,0.0
0.0,1.0,1,0.0,63523.7964500538,24498.8906824929,167858.129285063,300,1,2,35,1,810,
1.0,1.0,1,1.0,72394.2289193227,7378.66551485902,244392.949397931,300,0,1,44,0,511,0.0
1.0,1.0,2,1.0,73155.2635230074,19920.0405410296,165507.691305075,120,1,2,44,1,806,0.0
1.0,0.0,0,1.0,76355.3259840057,7439.95980543395,195398.987890256,60,0,2,32,0,345,0.0
0.0,1.0,2,1.0,52599.7794023574,9508.41058236223,178399.726976212,120,0,2,36,0,334,0.0
1.0,0.0,1,0.0,73190.6293917827,21632.7338126447,,240,1,1,32,1,783,0.0
1.0,0.0,0,0.0,74068.5583357461,5347.85923249452,134045.198287448,300,1,1,39,1,731,0.0
1.0,0.0,0,1.0,80588.8111185408,0.0,208060.57012058,240,0,2,37,0,555,0.0
1.0,0.0,1,1.0,92326.0008544383,17262.9226724343,194677.110294455,60,1,2,30,1,846,
1.0,1.0,0,1.0,101964.429490934,10588.2330920623,206934.947334732,360,0,2,42,0,602,0.0
1.0,1.0,0,1.0,91772.5385608719,15795.7954655656,171850.88110367,60,1,2,31,1,802,0.0
1.0,1.0,0,1.0,84891.3032071051,8588.8834584723,202385.07844388,180,0,2,37,0,309,0.0
1.0,1.0,2,1.0,94380.8122568364,21116.0156154968,126252.164773931,120,0,2,42,0,611,0.0
1.0,0.0,2,0.0,85553.5364379701,18314.7089633089,180195.852074168,360,0,1,31,0,585,0.0
1.0,1.0,0,1.0,69644.9790536131,19583.8900995706,157073.947646733,360,0,1,25,0,541,0.0
0.0,1.0,3,1.0,68592.36438265169,14114.5578541698,172447.135909649,180,1,1,52,1,758,1.0
1.0,0.0,1,1.0,46764.2707046322,7440.49293308079,200246.514703394,360,1,1,52,1,654,1.0
1.0,1.0,1,0.0,65151.0078144552,20342.0786237467,155561.166742042,240,1,2,27,1,768,0.0
1.0,1.0,0,1.0,62470.9539191116,6994.09657651894,176426.96009157,180,1,0,30,1,682,0.0
1.0,1.0,1,1.0,59730.0555052413,20024.9969612929,143784.953056075,240,1,1,41,1,767,1.0
1.0,1.0,0,1.0,64481.8496362083,12536.6471882015,137382.325900455,120,1,0,40,1,714,0.0
1.0,0.0,2,1.0,48576.420204344,14948.9336797277,227144.405276955,180,1,0,31,1,795,1.0
1.0,1.0,0,0.0,25961.9553996332,10198.3771680695,115483.146877582,240,0,1,31,0,523,0.0
1.0,1.0,1,1.0,64614.0181143736,0.0,125470.212904828,240,1,0,29,1,826,0.0
1.0,1.0,1,1.0,92493.5691693912,8625.12565174988,207937.741725493,360,0,1,36,0,566,1.0
1.0,1.0,1,1.0,28739.3138685749,97.5247670095341,89590.377082098,240,1,1,35,1,734,0.0
1.0,0.0,0,1.0,78991.8914272897,13129.4248352633,120669.213222012,360,1,0,44,1,675,0.0
1.0,0.0,0,1.0,48927.0138930563,8017.38151248607,60342.3248772924,120,0,1,35,0,362,0.0
1.0,1.0,1,0.0,74246.4431916032,0.0,40941.2381167161,300,1,0,32,1,735,1.0
1.0,,2,1.0,58141.1158677282,18918.8126224558,124623.432823711,300,1,2,25,1,708,0.0
0.0,0.0,1,1.0,53694.0668942775,29340.0100373046,119578.147930442,240,1,2,21,1,676,0.0
1.0,0.0,1,0.0,73393.4509766007,6019.72773675541,248103.418094926,60,1,2,34,1,826,1.0
0.0,1.0,2,1.0,46569.755860389,10514.0312689088,197708.225709546,60,1,0,32,1,810,0.0
1.0,1.0,1,1.0,68698.8207673579,40460.5453594279,114190.274319333,120,1,1,32,1,747,0.0
0.0,1.0,1,1.0,,14590.8246480493,206914.072244478,60,0,1,30,0,404,0.0
1.0,1.0,2,1.0,74023.4548462179,28530.691601664,142775.607927778,300,1,2,21,1,748,0.0
1.0,1.0,0,,78904.2306922296,9735.17645205077,214098.918118834,180,1,1,21,1,778,0.0
1.0,1.0,3,1.0,80977.2828375072,0.0,148791.428682089,360,1,2,25,1,798,0.0
1.0,1.0,2,0.0,,4168.1155333395,158034.643373245,180,1,2,42,1,704,0.0
1.0,0.0,0,1.0,65155.050802855,26672.1773330437,211857.548773935,120,0,1,31,0,305,0.0
0.0,1.0,2,1.0,59554.4204163257,9488.83759959371,194667.363130407,300,0,0,34,0,496,0.0
1.0,1.0,2,1.0,33479.0462783592,5717.34161344004,247366.424345214,120,1,1,21,0,744,1.0
1.0,1.0,1,0.0,87488.7618634163,35994.075205025,162659.184784964,60,1,2,31,1,782,0.0
1.0,1.0,1,1.0,86408.2801956766,15960.0926799705,119828.108275569,60,1,1,23,1,751,0.0
1.0,0.0,1,1.0,59202.1123249657,15328.6337398021,135745.224208583,60,0,1,26,0,558,0.0
1.0,1.0,0,0.0,79167.7163968408,19700.1366124666,246241.918103993,60,1,2,34,1,830,0.0
1.0,1.0,1,1.0,24475.2953420336,9357.1014728098,117546.183321668,120,0,2,44,0,322,0.0
1.0,1.0,2,1.0,97623.1413888118,23531.6530641319,118744.628965317,240,0,2,32,0,352,0.0
0.0,1.0,0,1.0,72761.0220288151,12879.1033007957,231192.187213462,120,0,2,41,0,464,0.0
1.0,1.0,0,1.0,42832.8443963757,35642.2013485241,,360,1,1,34,1,732,0.0
1.0,1.0,0,1.0,63881.0388721174,0.0,182970.089492424,360,0,1,31,0,444,0.0
0.0,1.0,1,0.0,64212.0167859528,10649.4739976414,129164.725820447,240,0,1,29,0,384,0.0
0.0,1.0,2,1.0,42676.5030357099,15697.0426942928,223171.782713049,180,1,1,41,1,727,0.0
1.0,1.0,1,0.0,103098.573547662,29545.3846088775,177799.371684506,180,1,2,27,1,850,0.0
0.0,1.0,2,1.0,105541.729961066,16243.7612230092,124781.739980969,60,0,2,34,0,300,1.0
1.0,1.0,0,1.0,68516.8731725965,17921.6882820732,219696.226527053,120,1,2,21,1,700,0.0
0.0,1.0,0,1.0,,16014.2296423965,102726.583000267,60,1,1,33,1,822,0.0
1.0,0.0,1,0.0,43215.8066532198,25291.8043612796,,300,0,0,36,0,504,1.0
1.0,1.0,1,0.0,78271.6925246649,28137.821765718,61447.1598831408,60,0,2,34,0,559,0.0
1.0,1.0,2,1.0,53645.6980648753,4640.3807139336,187114.425378915,180,0,1,39,0,587,0.0
1.0,1.0,1,1.0,54386.4984626645,18596.8084768632,206447.836759147,60,1,2,41,1,683,0.0
0.0,1.0,1,1.0,63916.9051019536,31814.9245741801,62110.6288028963,360,0,1,40,0,647,0.0
1.0,1.0,2,0.0,66433.57082753,396.975647907773,180801.285437383,300,1,1,37,0,744,1.0
,1.0,2,1.0,64784.9372822229,27892.0305140687,234133.145732405,60,1,2,33,1,721,0.0
1.0,1.0,1,1.0,69830.1129449356,12994.2881934423,97976.6346055216,120,0,2,41,0,338,0.0
0.0,1.0,1,1.0,81615.6145110924,10788.0118338708,197297.048031971,60,0,0,30,0,453,1.0
0.0,1.0,3,1.0,50082.436559797,20656.3290188672,107420.408374919,180,0,1,34,0,549,0.0
1.0,1.0,1,1.0,28387.9211838166,9280.97150190076,178085.551395922,360,1,1,34,1,811,0.0
1.0,1.0,2,1.0,63686.181281562,560.710775077728,168352.339646498,240,1,0,35,1,831,0.0
,1.0,2,1.0,84765.6614286727,27371.80800289,157179.491273974,360,0,0,41,0,417,0.0
1.0,1.0,0,1.0,59859.1002903889,20308.0158367272,127464.672041137,60,1,1,27,1,652,0.0
1.0,0.0,2,1.0,81063.057066658,28992.2795007116,151223.983492595,180,0,2,42,0,605,0.0
1.0,0.0,2,1.0,74280.0098818418,7512.00203979946,246111.228013472,180,0,1,31,0,567,0.0
1.0,0.0,1,1.0,56418.1342996768,10007.5238550534,211722.848938234,300,0,2,42,0,353,0.0
1.0,1.0,2,1.0,46999.9483835308,17838.4456730273,187836.350142671,360,1,1,39,1,782,0.0
1.0,1.0,0,1.0,52936.6741437862,19827.9012406031,138464.451375758,360,0,2,31,0,521,0.0
0.0,1.0,0,1.0,60640.0829813153,19391.5013370041,196382.276590164,180,1,2,30,1,706,0.0
0.0,1.0,0,1.0,87394.0221530837,25562.8848374612,,180,0,2,30,0,411,1.0
1.0,1.0,1,1.0,82802.9807704253,14779.6992748305,231752.383530972,120,0,1,34,0,554,0.0
0.0,1.0,3,1.0,61114.4982457738,9089.81544266568,160987.904197007,240,1,2,29,1,696,0.0
0.0,0.0,0,1.0,79431.4190190871,16376.6194086804,193219.574870333,120,1,2,36,1,800,0.0
1.0,1.0,0,1.0,62284.5529732408,25483.9988781354,144320.90658846,60,0,2,32,0,506,0.0
1.0,1.0,2,1.0,35208.7542783952,23439.5140051893,181866.652063609,120,1,2,43,1,734,0.0
1.0,1.0,1,1.0,39196.125603682,1061.82352125794,144632.658877451,180,0,1,32,0,365,0.0
1.0,0.0,2,0.0,33393.7274852202,11001.7326571347,136851.254299214,60,1,2,30,1,724,1.0
0.0,0.0,0,0.0,90047.1410419205,16351.9034098738,111156.89506893,300,0,1,29,0,402,1.0
1.0,0.0,1,,44280.2793473003,8416.17282059554,76261.0729380802,360,1,2,43,1,815,0.0
1.0,1.0,0,1.0,96361.2384511565,30428.0677376968,111676.011354571,180,1,2,40,1,841,0.0
1.0,1.0,0,1.0,47166.6635973923,23519.2907079084,148591.654577522,240,0,2,31,0,551,
0.0,1.0,0,1.0,63732.1824631271,40605.0295935568,137015.656827946,60,0,0,29,0,525,0.0
1.0,1.0,2,0.0,29942.5878263522,12163.1377907282,158477.020510914,60,1,2,25,1,687,
1.0,1.0,0,1.0,83543.6992636867,15722.491342362,117094.559530861,60,0,0,36,0,605,0.0
1.0,0.0,0,1.0,75376.7935193779,12654.924648541,157600.788891888,240,0,2,37,0,397,0.0
0.0,1.0,0,0.0,40961.6307995552,14806.8169572816,134803.867619231,60,0,2,44,0,637,0.0
0.0,1.0,1,1.0,80605.6690806368,16380.7840841754,210413.737032606,360,1,1,28,1,679,0.0
1.0,1.0,1,1.0,27374.483690781,10371.4371428562,151081.331529678,180,1,2,32,1,728,1.0
1.0,1.0,2,1.0,72436.1992443439,4031.24920616013,142309.561105948,180,1,0,50,1,740,0.0
0.0,1.0,0,1.0,54226.8272215972,0.0,152346.814920761,120,0,1,21,0,607,0.0
1.0,0.0,0,1.0,59089.7550939751,13834.2865354667,122580.16060944,60,1,1,31,1,815,0.0
1.0,1.0,0,,67207.3743180972,19084.8533814647,204079.036418239,240,0,1,42,0,634,1.0
0.0,0.0,0,1.0,67982.7222870414,17847.5459338556,193357.844455009,60,1,1,28,1,679,0.0
1.0,1.0,0,0.0,41986.5723497503,10297.4428373364,72818.4739063157,360,0,2,40,0,546,0.0
1.0,0.0,2,1.0,74228.2115893099,18252.5167585434,202665.513982093,60,1,2,34,1,755,0.0
0.0,1.0,1,0.0,57102.4287610422,4699.1394509557,72754.5315203442,300,1,2,33,1,700,0.0
1.0,1.0,0,0.0,56738.6607211247,31529.1305123042,159546.186587755,120,0,0,28,0,380,1.0
1.0,1.0,1,1.0,39159.1117551379,3353.36651487605,175340.569883152,240,1,2,34,1,782,0.0
0.0,1.0,1,1.0,81817.2334120739,17684.1327369456,118840.984234596,60,0,1,33,0,584,0.0
1.0,1.0,1,1.0,41556.6935164474,15584.4948070565,143851.552668281,180,0,1,22,0,437,0.0
1.0,1.0,2,1.0,66688.7702969704,3229.68368546928,135239.937344865,240,1,1,40,1,833,0.0
1.0,1.0,1,1.0,93468.8377124597,11240.7175452864,174279.6960022,300,0,2,32,0,629,0.0
1.0,1.0,0,1.0,83821.7170954695,18162.7378025971,226455.050333662,300,1,0,33,1,666,0.0
1.0,1.0,3,1.0,53936.4043433144,15017.948728781,84366.971960036,120,0,2,24,0,639,1.0
1.0,1.0,1,0.0,40425.1832738046,3690.12611514413,144341.467585496,240,0,1,21,0,368,0.0
0.0,0.0,0,1.0,57152.4102995741,18064.5086296334,108356.836242273,360,1,0,26,1,683,0.0
0.0,1.0,0,0.0,101481.653394999,11818.4149838207,257411.960097882,60,1,1,38,1,655,0.0
1.0,1.0,1,1.0,50577.5069636424,26480.9086639743,125743.502895006,120,0,2,53,0,352,1.0
1.0,1.0,0,1.0,69385.3517961705,3788.65987242077,126694.590022791,360,1,2,51,1,843,1.0
0.0,0.0,1,1.0,51462.3786010516,7375.82049397085,101730.189493353,180,1,1,32,1,775,0.0
1.0,1.0,2,0.0,55146.0250434943,19445.9199507312,192342.687158995,180,0,1,39,0,534,0.0
1.0,1.0,3,1.0,80974.1425283312,14168.2822806538,117091.236293144,300,1,2,35,1,692,1.0
1.0,1.0,2,1.0,32566.5260553906,19223.2479744987,143934.56643052,300,0,1,32,0,539,0.0
0.0,1.0,1,1.0,81819.6085037193,9122.62030680101,168101.227549423,180,0,0,53,0,410,0.0
0.0,1.0,1,0.0,60387.6247539605,28486.9319864551,76480.9932662141,60,0,1,28,0,548,0.0
0.0,1.0,0,1.0,33265.4912224813,2504.35088075994,226648.912376554,60,0,2,30,0,450,1.0
1.0,1.0,1,1.0,76992.0419404204,19362.3570480105,230099.63273067,120,0,1,22,0,482,1.0
0.0,1.0,2,1.0,66176.6602519792,10419.7481698544,191105.54236414,240,1,2,33,1,729,0.0
0.0,0.0,1,1.0,15633.0447989783,15093.9535457584,141928.605098359,120,0,0,34,0,394,1.0
1.0,1.0,1,1.0,57502.2622929986,11382.8301218273,210503.296658779,60,0,0,21,0,307,0.0
1.0,1.0,0,1.0,39887.9724862106,17740.388406493,223909.19678195,180,0,1,46,0,483,0.0
1.0,0.0,1,1.0,37246.2865915036,20817.233649705,156270.433973792,60,0,0,48,0,580,0.0
1.0,0.0,1,1.0,15000.0,22775.9606179227,118998.852546164,120,0,0,29,0,494,0.0
1.0,1.0,2,1.0,46837.6702184948,10763.0928308932,109467.122215066,180,1,2,23,1,745,0.0
0.0,1.0,1,1.0,68506.4261666022,33105.2247842099,153443.731975688,240,0,1,38,0,494,0.0
1.0,0.0,0,0.0,38452.4784603048,9311.23024802631,110612.087118978,360,1,1,31,1,804,0.0
1.0,1.0,2,0.0,105818.851451814,14427.2958917789,131669.871508062,180,0,1,21,0,392,1.0
0.0,0.0,1,1.0,22654.696148165,14677.2310589738,141368.682349576,300,0,2,42,0,459,1.0
1.0,1.0,0,0.0,64209.92597843,0.0,201739.956526311,360,0,2,38,0,360,0.0
1.0,0.0,1,1.0,46456.7657697577,12114.2488284589,183534.358536311,120,0,2,28,0,421,1.0
0.0,1.0,1,,71766.3441296915,21988.1567028047,79118.0121386297,360,1,1,36,1,700,0.0
0.0,1.0,2,1.0,29612.6006809197,11136.7752455282,65799.7991101917,300,1,2,34,1,796,1.0
0.0,1.0,1,1.0,,24943.7873099204,35835.9771236384,60,0,2,32,0,576,0.0
0.0,0.0,1,1.0,60157.6036938945,9091.8165190857,134806.828525943,120,1,0,29,1,654,0.0
0.0,1.0,1,1.0,60392.3331538798,20850.2133228779,186221.40881177,360,0,2,29,0,391,0.0
0.0,1.0,2,1.0,47922.8213752609,30498.1860632833,196840.283856653,60,0,2,52,0,469,1.0
1.0,1.0,2,1.0,39469.6940117788,8691.53597052811,170262.001277457,300,1,0,37,1,710,0.0
0.0,0.0,2,0.0,47887.6892052627,20724.453061551,219006.16447927,300,0,0,39,0,321,0.0
0.0,1.0,0,0.0,52621.2112193707,25033.6589272914,152336.006013248,360,1,0,35,1,798,1.0
0.0,1.0,1,0.0,60909.829526615,0.0,93369.6354739373,180,0,0,32,0,625,0.0
0.0,1.0,0,1.0,56623.5655361997,13594.4651449756,100440.289118772,120,1,2,37,1,650,1.0
0.0,1.0,1,0.0,38277.4740163718,5586.18513860734,238075.0946746,60,1,0,38,0,782,1.0
0.0,0.0,2,1.0,53013.664077636,17434.7507713677,147404.082061196,180,1,2,27,1,661,0.0
0.0,1.0,1,1.0,101790.774433895,26211.881425699,106558.425605514,240,1,0,34,1,739,0.0
0.0,1.0,0,1.0,63951.9920938479,15321.8508703683,100112.110867032,240,1,2,45,1,695,0.0
1.0,1.0,1,0.0,42870.035251816,18852.1265225935,123499.462061001,360,1,1,34,1,683,0.0
1.0,1.0,3,1.0,61481.8956083955,11737.6629555864,137587.444306945,120,0,0,39,0,377,0.0
1.0,0.0,0,0.0,83862.2589170205,2327.23311627269,22845.340526261,180,0,2,40,0,517,0.0
1.0,1.0,1,1.0,75502.3024317817,3839.35823928104,91998.9809028355,120,0,1,26,0,600,0.0
1.0,1.0,3,1.0,34486.3468000853,14424.9703120508,174654.320102396,180,0,2,21,0,372,0.0
0.0,0.0,2,1.0,66575.0221931936,0.0,176025.624831413,180,0,0,40,0,581,0.0
1.0,1.0,1,0.0,71585.8299920217,21636.4634703284,87682.9853189563,120,0,2,31,0,548,0.0
1.0,1.0,1,1.0,30051.066627885,21491.4772107042,128740.352336355,180,0,2,26,0,346,0.0
0.0,1.0,3,1.0,56084.2945806283,9006.44294947003,104839.819555227,180,0,0,28,0,420,1.0
0.0,1.0,0,1.0,,7032.18767330824,283230.724600071,360,1,2,36,1,705,1.0
1.0,1.0,1,1.0,83850.1502495594,13045.6515347723,131004.601672971,60,1,1,38,1,743,1.0
1.0,0.0,0,1.0,30302.0406310019,4820.8850952284,168122.54343128,300,1,1,39,1,756,0.0
0.0,1.0,1,0.0,71120.4419368458,12194.2829340144,171339.509662932,60,1,0,49,1,712,0.0
0.0,1.0,0,1.0,69243.4533216388,10899.7058846108,159353.44689883,240,1,2,29,1,697,0.0
0.0,1.0,1,1.0,65817.9411518001,10734.0036371396,166133.5315371,60,0,1,30,0,360,
1.0,0.0,0,1.0,58110.8257111599,3434.44782932663,209534.98087775,120,0,2,33,0,636,
1.0,0.0,0,0.0,81156.2836164159,15002.2394799578,87868.9927527542,360,0,2,46,0,325,0.0
1.0,1.0,0,1.0,61204.6041988205,19805.8675842771,127191.582625997,60,1,0,26,1,685,0.0
0.0,1.0,0,1.0,97945.7738954622,14593.9376832147,188804.368643128,300,0,2,35,0,556,0.0
1.0,1.0,1,1.0,15000.0,9723.46223821662,62035.6489979711,240,0,2,33,0,307,1.0
0.0,0.0,1,1.0,99166.9490844118,153.952080803472,,120,0,2,49,0,412,1.0
1.0,1.0,3,1.0,21624.5756940191,25409.5417379778,174586.982037811,300,0,1,46,0,552,0.0
0.0,1.0,1,1.0,57675.4191375608,1487.09597301565,176378.405805601,120,1,1,37,1,829,0.0
0.0,0.0,1,0.0,60655.9399082317,16234.2918170364,222568.773053519,60,0,2,25,0,506,1.0
1.0,1.0,0,1.0,41202.4042734528,10387.3294950169,90331.059377809,120,0,1,37,0,602,0.0
1.0,1.0,0,1.0,52002.0001978136,8704.05768136202,101721.249689508,360,1,1,28,1,776,1.0
1.0,1.0,1,1.0,63667.1983955831,34435.2888112219,199592.685025392,60,0,0,33,0,355,1.0
0.0,0.0,0,1.0,67771.5720906192,0.0,235377.444466088,180,0,1,21,0,513,0.0
1.0,1.0,0,1.0,22336.9958388283,29141.1039060678,145833.389968782,360,0,2,51,0,313,0.0
1.0,1.0,1,1.0,71447.8062235135,19480.7834101289,137182.217857342,180,1,1,36,1,677,1.0
0.0,0.0,3,1.0,78643.8312852076,3370.61013147087,147174.693767039,300,1,2,39,1,727,
1.0,1.0,0,1.0,54312.3070078698,18308.6702840635,137909.104373551,300,1,2,27,1,779,0.0
0.0,1.0,0,1.0,31234.4404336526,9953.66257710765,166713.773303826,120,1,1,31,1,758,1.0
1.0,1.0,0,1.0,86677.7149100114,0.0,162893.080864748,120,1,1,21,1,803,0.0
1.0,1.0,2,1.0,46966.4975568716,8361.66897174309,191142.103660817,180,0,2,35,0,313,
1.0,1.0,2,1.0,32680.8857759893,22704.6359568722,180644.203588159,60,0,1,35,0,486,0.0
0.0,1.0,1,1.0,67807.3238879075,17174.7348301422,181049.878293636,300,1,2,43,1,705,0.0
0.0,0.0,3,0.0,55445.6077032849,11400.8890643332,39775.8974559838,360,0,2,32,0,306,0.0
1.0,1.0,0,1.0,59993.7265477645,25323.8939812639,127638.782016123,240,1,2,43,1,652,0.0
1.0,0.0,0,1.0,61023.9580376217,4752.49249923609,215054.834673281,180,0,2,44,0,410,0.0
1.0,0.0,2,1.0,72904.3117190011,22352.6930997498,154057.191592481,120,1,1,38,1,800,0.0
1.0,0.0,0,,57047.9482740266,10597.2536314919,210494.698000955,60,1,1,35,1,756,0.0
0.0,1.0,0,1.0,85854.9057903641,12143.1345190773,165508.791359141,300,0,2,40,0,538,0.0
1.0,1.0,1,1.0,83882.1880609474,23066.7640216436,157934.166180936,300,1,1,28,1,667,0.0
1.0,1.0,1,,71474.8884200882,16144.7605881877,145892.847721356,360,0,2,29,0,593,0.0
1.0,1.0,0,0.0,79049.2394107233,28698.6822336191,130330.378102213,240,0,0,38,0,526,0.0
0.0,1.0,2,0.0,68483.3189280383,15551.9924253008,137314.51324668,360,0,2,41,0,314,0.0
1.0,0.0,1,1.0,53459.6536478045,17093.4885733468,95103.6818466476,240,1,2,42,1,841,0.0
0.0,1.0,2,1.0,18510.2729796737,29554.0133772619,173686.583038432,360,1,2,34,1,768,0.0
1.0,1.0,2,,68316.5325891068,7705.6295115235,165157.691418813,300,1,1,23,1,677,0.0
1.0,1.0,2,1.0,72917.8084055178,20743.8635113387,154217.05160991,300,1,1,35,1,688,0.0
1.0,0.0,3,1.0,66481.6793878959,28771.8093650456,203769.52772082,60,0,0,30,0,572,0.0
1.0,1.0,0,1.0,80750.7988851579,0.0,223368.799416383,240,0,0,33,0,530,0.0
0.0,0.0,0,1.0,71705.9887303267,20790.763008755,116350.639041737,240,0,2,21,0,385,0.0
0.0,0.0,1,1.0,85569.0372521459,10338.1138805377,175438.166552465,180,0,2,47,0,425,0.0
1.0,1.0,0,1.0,83734.6924035466,42683.7360562594,92660.8450686725,180,0,1,34,0,599,0.0
1.0,1.0,0,1.0,39006.8900218011,0.0,206614.368741946,240,1,1,30,0,674,1.0
1.0,1.0,0,0.0,42774.3159734347,21635.4561849843,78270.9569547825,120,1,2,34,1,794,0.0
1.0,0.0,0,0.0,81421.6100080561,23594.1425475945,101595.820542308,240,0,2,33,0,312,0.0
0.0,1.0,1,1.0,20414.0037924842,28106.0591281346,195133.907134962,300,1,0,30,1,674,0.0
0.0,0.0,2,1.0,34134.5408425767,6985.16078168993,158280.756254836,300,1,0,21,1,717,0.0
1.0,0.0,2,1.0,67866.3567878874,14327.6969280386,137934.254812763,240,0,1,27,0,366,0.0
1.0,0.0,1,1.0,51086.9939394001,6668.58476671033,189862.614927001,120,0,0,23,0,532,0.0
1.0,1.0,0,1.0,58567.9748117187,10231.2353935616,127431.238445932,240,1,1,40,1,758,0.0
0.0,1.0,2,1.0,96248.9711599385,8707.87850470557,155761.9933486,120,0,1,33,0,445,1.0
1.0,1.0,2,1.0,37703.5562529517,22229.9693462432,83179.8788320868,240,0,0,51,0,410,0.0
1.0,1.0,1,,18358.0259362202,11072.7376157418,193963.195258328,360,1,2,24,1,760,1.0
1.0,0.0,2,1.0,60104.8739943636,11343.2291746948,139989.166675417,240,1,1,38,1,683,0.0
1.0,0.0,3,0.0,47920.3874806154,5114.70992134099,160306.76898113,300,0,1,27,0,410,1.0
1.0,1.0,0,1.0,68394.1121671453,15867.6107546264,148931.881377926,300,0,2,30,0,563,1.0
1.0,1.0,2,1.0,65818.9472867897,5155.86953824788,170525.339574319,60,1,2,38,1,817,0.0
0.0,0.0,0,1.0,57398.7941289276,18699.2561300439,157131.069633444,180,0,2,38,0,535,0.0
1.0,1.0,2,1.0,85539.3077217637,0.0,127378.786759547,60,1,1,40,1,732,0.0
1.0,1.0,2,1.0,69614.8915953596,11596.5951711709,151605.772771616,240,1,2,39,1,691,1.0
1.0,1.0,1,0.0,46045.6219220351,0.0,139993.272288593,240,1,0,21,1,818,1.0
0.0,1.0,0,,57687.0343522351,37020.1392465961,145099.951660833,180,0,1,36,0,400,1.0
1.0,0.0,3,,74140.6471922156,16796.953811062,165509.325841435,240,1,0,21,1,655,1.0
0.0,1.0,0,1.0,102845.407172237,15326.3883669087,267202.688941631,240,1,2,39,1,829,0.0
1.0,1.0,0,0.0,39838.2737816519,13065.7237141879,132501.495982435,180,1,2,41,1,675,0.0
1.0,1.0,1,0.0,76845.946540278,12968.3147101532,69142.4142779978,360,0,2,36,0,619,1.0
0.0,0.0,0,1.0,52607.7932791273,5585.96830997975,167450.613431403,60,1,1,53,1,836,1.0
1.0,1.0,1,0.0,55815.5625251094,18270.7237487784,151029.508861733,300,0,2,34,0,614,1.0
1.0,,1,1.0,50935.0318195397,19403.5399387791,116602.916477024,180,0,2,41,0,528,0.0
0.0,0.0,0,1.0,48611.0045101577,14701.9621814855,167254.309300754,180,1,1,25,1,770,0.0
,0.0,0,0.0,53546.4032231572,0.0,252704.779146182,240,1,2,31,1,682,0.0
1.0,1.0,0,1.0,70733.0550505457,20740.4193088403,101112.279947897,120,1,2,53,1,830,0.0
0.0,0.0,0,0.0,71686.2833287062,19484.132494791,233649.485142247,240,0,0,34,0,449,0.0
1.0,0.0,1,1.0,96010.223630217,3580.58180838688,132850.288719888,360,1,1,40,1,670,0.0
0.0,1.0,0,1.0,55388.2720295277,28561.0671421032,187554.527150181,60,0,2,44,0,497,0.0
1.0,1.0,0,1.0,55056.452349588,24458.8815655463,215008.826340656,60,0,2,39,0,369,1.0
1.0,1.0,0,0.0,39575.3436573857,29465.6329125136,198263.219219022,60,0,2,28,0,411,0.0
1.0,1.0,1,1.0,31505.0362757308,12248.7857174495,207875.980290497,240,1,2,37,1,653,0.0
0.0,0.0,1,0.0,62144.1592408026,14299.5355627203,195444.451818464,300,1,1,38,1,743,0.0
0.0,1.0,0,1.0,41885.3539827476,12296.286008642,239031.929973885,60,1,1,43,1,724,0.0
1.0,1.0,1,0.0,32657.243870795,23596.3078685484,190116.638894223,60,0,0,21,0,617,1.0
0.0,0.0,0,0.0,123862.151356897,4199.97391617867,156806.231703792,60,1,1,29,1,743,
0.0,1.0,2,0.0,,22271.7125953394,137016.101824623,120,0,2,42,0,394,0.0
1.0,0.0,3,1.0,49380.5820437607,8631.17611061042,67674.4306699029,180,1,2,27,1,801,1.0
0.0,1.0,1,1.0,36764.3231217527,33481.0910410555,240913.935187141,240,1,1,22,1,704,0.0
1.0,0.0,0,1.0,48123.7718386258,0.0,186000.676591812,360,1,2,32,1,786,1.0
1.0,1.0,0,1.0,47445.3218783098,15201.2112958086,234987.137109932,180,1,0,26,1,780,1.0
0.0,0.0,2,1.0,74331.786795193,9612.73719653558,216671.958301648,240,1,0,45,1,680,0.0
1.0,1.0,2,1.0,86233.8689854532,3140.78400813144,139335.171218396,300,0,1,37,0,339,0.0
1.0,1.0,1,,71060.8017170471,3453.65661271155,202083.336654167,180,1,0,54,1,685,0.0
1.0,1.0,0,1.0,99741.2222339888,0.0,152383.644731114,120,1,2,21,1,801,0.0
1.0,1.0,0,1.0,38161.3219920937,11440.6508291302,160726.64594432,60,1,0,31,1,655,0.0
0.0,1.0,0,1.0,29317.7165852875,0.0,162052.163893105,180,0,2,42,0,621,1.0
1.0,0.0,2,1.0,65251.2265800385,16830.1292831148,257515.53966656,60,0,2,27,0,519,0.0
0.0,1.0,2,1.0,50616.4869579059,23092.6469824198,142033.571124532,240,1,0,28,1,724,0.0
1.0,1.0,0,1.0,75415.0041923757,13789.2456760944,151232.368910527,300,0,2,36,0,303,0.0
1.0,1.0,0,0.0,94091.8418659475,0.0,211651.956672547,120,1,2,21,1,728,0.0
0.0,0.0,1,0.0,66677.1993313706,14654.3576015619,178014.044683947,120,1,0,28,1,783,0.0
1.0,1.0,3,1.0,57996.9184704009,18421.0603965041,189517.450434614,300,1,2,38,1,767,1.0
1.0,0.0,0,1.0,87242.6480737015,16230.1867352675,141966.757581263,60,0,2,31,0,393,0.0
0.0,1.0,0,0.0,108795.048126785,13840.0292767846,109210.613741571,60,0,2,21,0,361,1.0
0.0,0.0,1,1.0,50176.9250571579,29338.3283865984,199897.716107127,240,1,2,32,1,834,0.0
0.0,1.0,0,1.0,63106.499983988,1680.86889608914,158607.933480322,360,0,2,38,0,493,0.0
0.0,1.0,2,0.0,46663.0256609687,5781.76343679786,105202.649820561,120,0,2,45,0,634,0.0
1.0,1.0,0,1.0,67866.1410001064,19337.4760934853,74102.5442526648,300,0,2,39,0,502,0.0
1.0,1.0,1,1.0,63155.2287858753,2721.71433943007,170568.013878485,300,1,2,23,1,785,1.0
1.0,1.0,0,1.0,82118.0084871461,7768.31561170607,194407.866087172,180,1,2,36,1,675,0.0
0.0,1.0,1,0.0,49638.6196104988,25279.5900225779,177216.135238286,360,1,2,32,1,828,0.0
0.0,0.0,3,0.0,36211.7621426534,3425.84209784566,113136.916180401,60,1,1,53,0,822,1.0
1.0,1.0,0,1.0,32565.1374147298,2486.43817760713,373954.212551287,120,0,2,23,0,599,0.0
1.0,1.0,2,1.0,41085.0787860643,4013.20626565615,142920.779035283,120,0,1,27,0,432,0.0
0.0,1.0,2,1.0,39788.0356014217,78.9798285463621,171388.44721753,120,1,0,29,1,719,0.0
0.0,1.0,1,1.0,53446.7570680446,6288.06969992369,134414.620376639,180,1,2,21,1,803,0.0
1.0,0.0,1,0.0,81403.0047663285,37098.5566574846,180914.465165535,240,1,1,34,1,767,0.0
1.0,1.0,3,1.0,88939.5576870746,6625.94274684508,158522.149936068,120,0,2,23,0,623,0.0
1.0,1.0,2,1.0,74219.1993640698,0.0,208613.747980403,180,1,0,47,1,668,0.0
0.0,0.0,0,1.0,75876.3693428763,20010.9000930877,20000.0,180,1,2,56,1,669,1.0
1.0,1.0,0,1.0,46550.2880798732,1305.36225343942,87415.0975739928,300,0,1,35,0,412,0.0
0.0,0.0,0,1.0,60583.8100787113,11524.9970029408,133441.786707208,360,1,1,36,1,789,1.0
0.0,1.0,0,1.0,72249.375880272,16470.7682744597,122522.28020702,300,1,1,33,1,696,0.0
1.0,0.0,0,0.0,45204.5767205406,8550.71539677702,94441.7350550007,360,1,2,36,1,650,0.0
0.0,1.0,3,1.0,40350.2521292338,0.0,108068.816320023,300,0,2,48,0,389,1.0
1.0,1.0,0,0.0,54876.4049500924,11566.6482414755,210581.981282458,300,0,1,33,0,441,0.0
1.0,1.0,1,0.0,68438.4150847056,13154.4855781405,210808.288839112,180,1,0,34,1,713,0.0
0.0,1.0,1,,81803.6694204089,9226.57984291666,111990.383912955,300,0,2,37,0,337,0.0
1.0,0.0,0,1.0,57533.1187190777,7519.09017151337,64312.821293538,60,1,2,21,1,686,0.0
1.0,1.0,0,1.0,40471.999026724,0.0,174344.740558098,240,0,1,33,0,438,0.0
1.0,1.0,1,1.0,65651.599009766,17939.4938794316,208364.535869188,180,1,2,39,1,749,0.0
1.0,1.0,0,1.0,67986.3520343826,20775.1695460721,182650.396915495,240,0,2,28,0,632,0.0
1.0,1.0,2,1.0,66538.5474752832,36430.0705458491,165941.870169021,300,0,2,24,0,558,
0.0,1.0,2,1.0,47713.5371180741,3931.29708465943,152553.815223253,360,0,1,37,0,460,0.0
1.0,1.0,2,1.0,79155.8322894581,21992.1243867198,183841.88270555,120,1,1,23,1,783,0.0
0.0,1.0,1,1.0,59782.6572593005,26127.981956129,,360,0,1,34,0,477,0.0
0.0,0.0,1,1.0,68084.2573055466,21943.2638114929,123470.982217639,360,1,2,39,1,659,1.0
0.0,1.0,2,1.0,85338.2229837324,28897.6413394635,190804.052205696,300,1,1,39,1,654,0.0
0.0,1.0,1,1.0,57157.069261189,5750.74184280726,209707.407400656,360,1,2,44,1,800,1.0
1.0,1.0,1,1.0,66441.6462153397,805.668034549902,186853.533530883,120,1,2,27,1,787,0.0
0.0,1.0,2,0.0,51040.7732310004,29338.8446819627,150503.350426129,360,1,2,33,1,821,0.0
0.0,1.0,3,0.0,87987.10873172,22851.8508231037,150586.818486096,120,1,2,38,1,779,0.0
1.0,1.0,3,1.0,67169.0723641924,6796.71538867532,55258.2816208894,300,0,2,21,0,312,0.0
,1.0,2,0.0,26253.1130577857,29137.6964829125,153473.905811053,120,1,2,32,1,817,0.0
0.0,1.0,1,1.0,34580.9655781543,6956.38498237382,153159.183440387,60,0,0,35,0,429,0.0
1.0,1.0,1,,15000.0,29469.4414638698,151945.791400866,300,1,2,33,1,733,
1.0,1.0,0,1.0,45289.4011482046,16829.9444964526,140270.766848016,360,1,2,47,1,714,1.0
1.0,1.0,1,0.0,72907.5189917029,9494.12932999293,133968.776184659,300,1,0,34,1,712,0.0
0.0,1.0,0,1.0,80125.8561842888,9833.85801239892,93990.059927941,120,1,1,36,1,750,0.0
1.0,1.0,1,1.0,48517.986494328,3345.58473778943,200312.539971635,240,0,1,39,0,628,1.0
1.0,1.0,0,1.0,63693.6061172981,0.0,138592.432535588,360,0,1,34,0,572,1.0
1.0,1.0,2,1.0,67513.9603669134,0.0,272429.349408702,360,0,0,38,0,564,0.0
0.0,1.0,2,1.0,74187.0502891063,6603.91627959327,189495.387342694,60,1,2,21,1,792,0.0
1.0,0.0,1,1.0,45219.4268395353,9248.13550356483,258244.629455072,360,0,1,33,0,337,0.0
1.0,0.0,0,0.0,65783.3728781563,15920.5513731199,240712.641385013,60,0,1,42,0,393,1.0
1.0,1.0,0,0.0,60818.4949745784,23892.6342475897,152225.104115961,60,0,1,35,0,394,1.0
0.0,1.0,1,1.0,31863.6998100492,38226.0922526276,139835.087771159,360,0,2,41,0,604,
1.0,1.0,0,1.0,50387.0411702351,6483.82759813291,125049.58677851,120,0,0,41,0,368,0.0
0.0,1.0,3,1.0,90603.903977267,13379.3789796317,72768.9415696293,300,0,2,39,0,617,0.0
1.0,1.0,2,1.0,,7291.8636938591,140853.83507937,240,1,2,36,1,837,0.0
1.0,1.0,0,0.0,59575.1044144751,13588.5032765719,90975.075650118,360,0,1,53,0,535,0.0
1.0,1.0,3,1.0,72112.1246526262,7488.32780376121,235186.357734861,120,0,2,31,0,633,0.0
1.0,1.0,2,1.0,55826.6325755906,17193.0891313205,60643.0706207774,300,1,2,33,1,766,
0.0,1.0,0,1.0,39451.9289694797,0.0,149669.804475831,180,1,2,34,1,769,
1.0,1.0,2,1.0,98903.9014855386,16841.1939832816,227568.886050474,300,1,2,33,1,786,0.0
0.0,0.0,1,1.0,23584.7944439596,19910.0394595775,50793.5966621195,60,1,1,39,1,811,0.0
0.0,1.0,0,0.0,42073.3468281587,15375.6335138111,109301.410205474,240,1,0,37,1,725,1.0
1.0,,1,1.0,73637.8297925262,16802.9488050344,156775.900139589,180,1,2,31,1,684,0.0
1.0,0.0,2,1.0,93901.020808615,12956.4427335435,51033.5152501799,180,0,2,28,0,300,0.0
0.0,1.0,3,1.0,85620.3272347022,19919.9348683649,220311.617963127,300,0,0,39,0,595,0.0
1.0,1.0,2,1.0,88802.3443089894,20374.7870460642,118761.370861119,60,0,0,36,0,619,0.0
1.0,1.0,0,1.0,64640.9987471527,15756.7354061338,192501.819759478,240,1,2,34,1,799,0.0
1.0,0.0,1,1.0,54566.8977934789,13307.2556166737,187175.533516729,360,1,0,30,1,709,1.0
1.0,0.0,0,1.0,73908.0494910059,29341.7703652032,117863.920305864,60,1,1,33,1,713,0.0
1.0,1.0,1,1.0,39576.7508487939,25503.1955227635,188731.281763757,300,0,1,25,0,648,0.0
0.0,1.0,3,1.0,20035.9863093578,14362.5471449603,116038.903139094,60,1,2,21,1,721,0.0
0.0,0.0,1,0.0,86809.0089204628,26277.8802711164,135295.284580568,300,0,0,41,0,566,0.0
1.0,1.0,1,0.0,51528.0283654364,34074.9067255326,141441.440237923,180,1,1,32,1,754,0.0
1.0,1.0,0,1.0,67041.1079302859,26711.6763270614,73643.9602332122,300,1,1,31,1,663,
1.0,0.0,0,1.0,40373.4812696507,0.0,186296.18058242,60,0,2,36,0,615,1.0
1.0,1.0,0,1.0,66835.1195155431,14756.0143276384,133563.759351685,60,0,0,42,0,585,0.0
1.0,1.0,0,1.0,45457.2564835026,23721.5310568405,95741.3160832127,360,0,1,30,0,590,1.0
0.0,1.0,1,1.0,43278.7569579995,21858.9045643792,,240,0,1,21,0,512,1.0
0.0,0.0,3,0.0,27359.7022994716,15533.8427247902,39135.8144873215,360,1,0,32,0,814,1.0
1.0,0.0,1,1.0,60920.0549450654,29937.0975900553,202260.379101612,360,1,2,24,1,654,1.0
1.0,1.0,1,0.0,46461.5599938808,11368.6835318292,204126.850434145,300,1,2,31,1,732,1.0
1.0,1.0,3,1.0,68645.2590126831,10709.6275190733,123577.45010498,300,1,0,24,1,772,0.0
0.0,1.0,0,1.0,49228.5265340675,13964.1210535293,143024.298583346,180,1,2,39,1,727,0.0
1.0,1.0,0,1.0,68487.8787572202,26905.2964371767,184342.348853186,120,1,1,26,1,803,1.0
0.0,1.0,0,1.0,55019.2792088724,21159.6700604683,218811.598531778,360,0,2,28,0,361,
0.0,1.0,2,1.0,66052.7093047806,15230.8065895042,202656.07262619,240,0,1,36,0,431,0.0
0.0,1.0,0,1.0,70272.0021313943,10685.4435544011,105703.253726744,240,0,2,27,0,388,0.0
1.0,1.0,3,1.0,73664.4602957761,22787.7430797778,213595.915171118,180,1,1,37,1,691,0.0
0.0,0.0,1,1.0,56997.6609749238,23530.1518824349,195653.540296442,120,0,1,45,0,388,
1.0,0.0,3,1.0,63008.3781028715,25612.5625851211,283981.434695,360,1,1,21,1,795,1.0
0.0,1.0,2,0.0,65884.4825802698,21653.3453450887,147414.344434597,240,0,2,40,0,595,0.0
0.0,0.0,0,1.0,77048.6666959244,18604.4167629277,130359.949155942,120,1,1,37,1,721,1.0
1.0,0.0,2,1.0,61184.3686802897,33167.556295751,230739.162712366,300,0,0,50,0,594,0.0
0.0,1.0,0,1.0,69751.2059417343,8992.52069361432,136910.616318795,180,0,2,40,0,403,0.0
1.0,0.0,1,0.0,25062.0861730889,10416.016367872,243721.222346662,360,1,0,31,1,663,0.0
1.0,1.0,0,1.0,46161.8386023751,23981.1732412234,101291.628591388,120,0,0,29,0,587,0.0
0.0,0.0,1,1.0,30559.2585394641,5316.64136746441,84413.9783544655,120,0,2,24,0,478,0.0
1.0,1.0,0,1.0,67767.5145846033,3306.84734913531,238547.877667387,360,0,1,27,0,424,0.0
1.0,1.0,0,1.0,53136.1544900517,19448.5353755748,123844.784655775,360,1,0,34,1,815,0.0
1.0,1.0,0,0.0,24428.2483198696,23364.8413796494,177768.982807488,180,0,1,36,0,322,0.0
1.0,1.0,0,0.0,36064.2270714737,0.0,209871.159990245,120,1,2,41,1,712,0.0
1.0,0.0,0,1.0,50040.7630636431,5255.47452389703,154002.063460763,60,0,0,25,0,442,0.0
0.0,1.0,0,0.0,28105.938654664,4242.63351558388,195194.5700318,300,1,2,43,1,802,1.0
0.0,0.0,0,0.0,85102.915767498,26138.6239798222,121558.57062217,300,1,1,33,1,794,0.0
0.0,1.0,0,1.0,70265.3486622671,14596.6608978595,48997.1792738387,180,1,1,40,1,843,0.0
1.0,1.0,1,1.0,86572.8165649646,28978.4430703149,97092.4503764656,60,1,2,46,1,702,0.0
0.0,1.0,1,1.0,96934.1465147206,6851.31851090655,138862.589342398,360,1,1,32,1,753,1.0
1.0,1.0,0,1.0,80539.7252663946,4946.84874002764,93936.0204259107,360,1,0,38,1,753,0.0
1.0,,0,0.0,86142.8550856485,14540.7117125983,94561.7552297502,60,0,1,27,0,338,0.0
1.0,1.0,2,1.0,33620.6300339497,0.0,234415.590572644,120,0,2,45,0,497,1.0
1.0,0.0,0,1.0,73671.3864640095,19287.6125888076,177835.89883167,120,0,2,39,0,433,0.0
0.0,0.0,2,1.0,54449.7276227953,23290.9844001833,51463.9359077215,240,0,1,31,0,366,0.0
1.0,1.0,0,1.0,48890.4576167949,7451.33803428079,237805.079484676,60,0,2,42,0,478,0.0
1.0,1.0,2,1.0,78357.2389410955,11421.7206655873,85141.7851817139,60,0,2,40,0,341,0.0
0.0,1.0,0,1.0,70537.9584733158,14114.2893273121,134393.431622935,120,1,0,27,1,841,
0.0,1.0,2,1.0,70278.1569931783,19448.9589500988,101911.878961339,300,1,1,34,1,664,0.0
1.0,0.0,3,0.0,72211.7149056764,12344.0736673758,115961.677671048,300,1,2,51,1,760,1.0
1.0,1.0,1,1.0,36597.7394788128,5845.22970909707,101377.468115649,240,0,2,44,0,456,0.0
1.0,0.0,2,1.0,28140.1253293666,22474.4497142705,99826.7287100354,240,0,1,41,0,588,1.0
1.0,1.0,3,1.0,78686.3982247854,2123.94716346938,120927.845682862,360,1,1,51,1,804,0.0
,0.0,0,1.0,24578.6289382381,11979.0295897539,215314.02378641,120,0,1,28,0,456,1.0
0.0,0.0,0,1.0,71441.1488342828,23304.9813398595,127983.71576619,360,0,0,30,0,337,0.0
1.0,1.0,0,1.0,81642.2462598628,9507.61346687424,192845.263525255,300,1,2,35,1,834,0.0
0.0,1.0,1,1.0,48787.8472630538,17299.2434541793,191749.471368929,180,1,2,44,1,746,1.0
1.0,1.0,2,1.0,74395.1588429636,9596.23661012945,83582.4104243566,240,1,2,47,1,804,0.0
0.0,1.0,1,1.0,23366.3550558794,16756.0354980437,105450.727902328,240,1,0,40,1,832,0.0
1.0,1.0,3,0.0,29990.4690167399,15803.6232596303,172183.786344405,120,1,1,40,1,682,0.0
0.0,1.0,1,1.0,57730.3870823571,0.0,116430.977817752,60,1,2,33,1,845,1.0
0.0,0.0,0,1.0,59516.0878721816,6944.73317489479,168365.969392459,240,0,1,43,0,385,0.0
1.0,1.0,2,1.0,86366.0464970533,6855.97179006809,163326.08249891,240,1,1,30,1,715,0.0
1.0,1.0,0,1.0,47170.2618191138,37064.6897988467,155038.141145079,300,0,1,29,0,309,0.0
0.0,1.0,0,0.0,71654.7516634772,12004.505888008,107535.951904495,180,1,2,33,1,654,0.0
1.0,1.0,1,1.0,59225.1421002091,9454.06759567448,193567.68378655,360,1,2,39,1,772,1.0
1.0,0.0,2,0.0,82875.0808641385,0.0,92900.6964653659,120,1,0,32,1,723,1.0
1.0,1.0,1,0.0,52298.3543916736,25200.3650690208,205524.993282369,120,1,2,34,1,746,1.0
0.0,1.0,2,0.0,72315.4229954228,14173.022549816,128324.408939823,120,0,2,43,0,417,1.0
1.0,0.0,1,0.0,83078.0146851149,23810.5889205743,92929.210388639,60,1,2,40,1,687,0.0
0.0,1.0,0,1.0,55777.3952234461,10513.0431738051,172095.44610821,180,0,2,25,0,458,0.0
0.0,0.0,3,1.0,93999.1474915276,3876.72530329419,179814.98927306,300,1,2,24,1,696,0.0
1.0,1.0,0,1.0,77646.6612464681,7129.63721066701,208149.479783866,180,0,2,24,0,527,0.0
1.0,1.0,0,0.0,77723.8237716959,8264.60352102757,130688.145564431,240,1,0,24,1,758,1.0
1.0,1.0,1,0.0,19483.8425377724,21534.7898195174,134750.935007583,240,0,1,40,0,515,1.0
0.0,1.0,1,1.0,34233.8476507292,23268.3863070911,155040.193522988,60,1,2,35,1,829,0.0
0.0,1.0,0,1.0,32949.8262111855,28339.9818587692,196641.435204609,120,0,2,23,0,483,0.0
0.0,1.0,0,1.0,77750.0793482811,21568.9870631964,129796.527487376,240,1,1,41,1,664,0.0
0.0,1.0,2,,62087.1187504642,1503.94744288072,166989.151106961,60,1,1,42,1,806,0.0
1.0,1.0,1,1.0,38868.8471447949,12715.2745619045,148104.266093361,360,0,0,33,0,435,1.0
0.0,1.0,0,1.0,37768.3950097289,8724.59997255927,105800.505053899,300,0,0,24,0,560,0.0
1.0,1.0,0,1.0,79502.394668355,13854.4057252748,32204.0537533838,180,1,2,32,1,806,0.0
0.0,1.0,3,1.0,48593.7186442706,11976.5043366824,54946.2785591007,180,1,2,34,1,696,0.0
1.0,0.0,3,1.0,77588.340822748,22831.5565601317,154941.202250821,60,0,0,40,0,623,0.0
0.0,1.0,2,0.0,46638.190927139,8389.74945372505,157854.932532191,120,1,2,33,1,725,0.0
1.0,1.0,1,0.0,87124.8005714164,12270.6667977448,158089.577030136,120,0,2,28,0,472,1.0
1.0,1.0,1,,50048.5500338157,7067.78802792965,246061.87085448,120,1,1,24,1,779,0.0
0.0,0.0,1,1.0,69677.5330237608,16354.2883471995,131387.173993714,300,1,1,34,1,804,0.0
1.0,0.0,1,1.0,54166.1250041344,9128.84729379852,197463.158714115,360,1,2,42,1,744,
1.0,1.0,0,1.0,57695.515348956,16207.9023250111,84587.3372287814,180,1,1,44,1,764,0.0
1.0,1.0,3,,73496.389843332,9349.39526448807,91639.525719282,60,1,2,38,1,813,
1.0,1.0,2,1.0,46963.2778439568,8143.25082409869,114842.176887209,60,0,1,30,0,591,0.0
1.0,1.0,1,1.0,63351.4021160198,30542.8244161102,171100.717970534,360,1,2,34,1,675,0.0
0.0,0.0,0,1.0,40509.4139065871,6223.82643137095,181454.2704507,360,0,1,36,0,598,0.0
1.0,1.0,3,1.0,47453.7310809739,28227.0321998898,204548.951380973,180,1,2,40,1,676,0.0
1.0,1.0,0,1.0,50731.6461437507,14412.7957289537,119424.209898082,60,1,1,51,1,718,0.0
1.0,,0,1.0,56179.4447479966,15105.4571174102,106491.842111004,120,0,0,40,0,447,0.0
1.0,1.0,0,1.0,19653.2240375517,10396.0766734334,105880.534846068,60,0,2,21,0,310,0.0
0.0,0.0,1,0.0,64824.8049681345,12216.8974412342,163241.212123238,240,1,1,55,1,723,1.0
1.0,1.0,2,0.0,100937.243914391,28558.053394315,200889.798451798,120,0,1,42,0,337,0.0
1.0,1.0,1,1.0,51089.9495719845,22492.8255687945,122719.292183562,300,1,1,33,1,783,0.0
0.0,0.0,0,1.0,72233.5257768173,23544.0200112072,116992.606633176,120,0,1,33,0,499,0.0
0.0,1.0,2,1.0,101863.958644198,18456.2034465144,88132.3154980416,240,0,2,39,0,322,0.0
0.0,0.0,0,1.0,47129.6353923971,37887.9066088028,143642.198527163,60,1,1,39,1,696,0.0
1.0,0.0,0,1.0,70690.112969611,8588.35070603149,106791.396041301,180,0,1,36,0,645,1.0
0.0,1.0,0,0.0,65620.1850056361,2152.72233582532,157014.671285027,300,0,0,37,0,601,1.0
0.0,1.0,1,1.0,69469.4379807045,8889.9887591037,165298.001221891,300,0,2,35,0,517,0.0
1.0,1.0,2,1.0,56126.8108144056,39048.3754225397,126344.629331973,240,0,1,53,0,440,0.0
1.0,1.0,2,1.0,38649.3417149145,0.0,155364.293304828,300,1,2,33,1,753,1.0
1.0,1.0,0,0.0,29621.7834981986,17262.3808866742,217138.84822115,120,0,0,40,0,509,0.0
0.0,1.0,2,1.0,78308.0423540414,11896.0900862243,189519.553826773,240,1,0,31,1,760,0.0
1.0,0.0,0,1.0,75741.692074849,23715.2438608793,185257.432946908,240,1,2,38,1,753,0.0
1.0,1.0,0,1.0,24425.5950219144,7128.25930013003,47447.3796073072,120,1,2,26,1,709,0.0
1.0,1.0,1,1.0,61731.795749458,14837.7688240405,175404.385721039,300,0,2,42,0,470,1.0
0.0,1.0,2,1.0,74619.1795275243,25574.2728711413,113626.759677286,240,0,0,39,0,623,0.0
1.0,1.0,0,1.0,45485.1237369306,5778.11094568372,149252.796028946,180,1,1,37,1,782,0.0
1.0,1.0,0,1.0,40998.7300506774,12404.0327819073,175850.015125696,300,1,1,32,1,769,1.0
1.0,1.0,2,1.0,79297.0326619491,1799.22812262698,92268.1525557636,300,1,2,35,1,686,0.0
1.0,1.0,0,1.0,73451.4740240546,30758.7580950196,76339.6685062366,180,0,2,43,0,627,0.0
1.0,0.0,0,1.0,41562.8037374937,24252.8189271683,222539.973315436,300,1,0,53,1,776,1.0
0.0,1.0,1,0.0,56181.924165454,27368.3246612726,159073.894093952,240,1,2,33,1,755,0.0
0.0,1.0,0,1.0,75798.394443617,23437.9002588157,145592.25655648,300,0,2,32,0,391,0.0
1.0,1.0,0,1.0,36260.1322338851,5378.58771809615,93702.4551932303,60,1,2,33,1,680,0.0
0.0,1.0,2,1.0,49647.7740192765,20510.1706022629,39286.5907057724,60,0,2,26,0,350,0.0
1.0,1.0,0,,54463.7340022215,0.0,148662.684941353,240,0,2,33,0,328,0.0
1.0,0.0,0,1.0,61596.0296811746,1182.30811432296,162053.94882029,120,1,2,38,1,689,0.0
1.0,1.0,1,1.0,58457.9658117179,11185.105851759,48204.8714947612,300,1,0,38,1,690,0.0
0.0,1.0,0,0.0,90842.1990513575,4407.88291627097,163991.079797213,180,0,0,24,0,513,0.0
1.0,1.0,0,0.0,84001.5791285372,4314.79245917561,69118.9270686924,180,1,2,48,1,660,0.0
0.0,0.0,1,1.0,64870.6040837268,11067.9899631781,94443.8116792112,240,1,2,51,1,800,0.0
1.0,1.0,0,1.0,48674.0454079445,29980.9763348778,189299.640635156,300,0,1,21,0,556,0.0
1.0,1.0,0,1.0,20899.0245936343,4585.47048225181,107361.606871503,240,1,2,37,1,695,0.0
1.0,1.0,0,1.0,,10786.4319222955,181986.875334944,120,0,1,32,0,400,1.0
1.0,1.0,3,1.0,80353.22933687,9217.87901780246,127776.023506114,60,1,2,36,1,798,1.0
1.0,0.0,0,0.0,33227.884005535,37143.2994255659,114709.797244217,360,0,2,39,0,645,
1.0,0.0,2,0.0,70696.3467269182,15445.5216557115,192747.232552807,360,1,1,42,1,759,0.0
0.0,0.0,1,1.0,82711.3128036119,16258.8653057665,149683.292976737,180,1,2,34,1,813,0.0
1.0,1.0,0,1.0,43529.300587483,8030.58539861903,298992.725836857,360,1,0,29,0,831,
1.0,1.0,2,1.0,58520.5427281124,12819.9436887887,192191.438724281,120,0,2,32,0,612,0.0
1.0,1.0,3,1.0,59010.7258069513,8637.7628734807,107844.884766856,180,1,0,35,1,650,0.0
1.0,0.0,1,1.0,56333.985809476,26711.1906473757,51189.1967804844,300,0,2,38,0,618,0.0
1.0,1.0,1,1.0,68268.698064474,14403.456880078,192918.661598606,240,0,2,34,0,354,1.0
0.0,0.0,0,0.0,50424.8285695662,8707.6623661258,168307.326298284,120,0,2,28,0,448,0.0
0.0,1.0,0,0.0,106400.814440345,4018.1361622185,147375.865884464,120,0,1,30,0,608,0.0
1.0,1.0,2,1.0,48976.2856734293,16218.4446413245,161827.109680743,300,1,1,29,1,786,0.0
0.0,1.0,2,1.0,55701.5793942252,34025.5820522956,159639.939625313,300,0,2,21,0,501,0.0
1.0,1.0,0,0.0,77803.9682224957,9107.46269204932,155148.26212323,120,1,2,21,1,829,0.0
0.0,1.0,2,1.0,92734.7992366128,29238.9893724685,279363.572792265,120,1,2,44,1,706,0.0
1.0,0.0,1,1.0,35994.0718588844,8950.93236071825,228113.255532753,180,1,2,34,1,766,0.0
1.0,1.0,0,0.0,54874.3835149685,25995.8446432766,206746.214079959,300,0,2,35,0,453,0.0
1.0,1.0,2,1.0,31336.9637095057,21856.5639251371,244081.064467888,120,0,0,43,0,590,
0.0,1.0,0,,112647.641296747,0.0,130046.473037845,120,0,1,25,0,362,1.0
1.0,0.0,0,1.0,74925.0713205444,11420.0956558666,89362.9692562597,180,0,2,34,0,543,0.0
1.0,1.0,0,1.0,60207.0523968676,3820.7239196326,184124.460463031,120,0,2,47,0,324,
0.0,1.0,1,0.0,52614.4572150759,14432.1140411372,152156.271547652,120,0,1,41,0,389,0.0
0.0,1.0,2,1.0,58747.0355575635,3847.53463623186,225536.58257696,120,1,2,28,1,724,0.0
1.0,1.0,1,1.0,84132.1630972783,16031.1758244563,77655.8516619648,300,1,0,41,1,687,0.0
0.0,1.0,1,1.0,49671.4071222485,15524.5738688944,33202.3190599282,360,1,1,32,1,779,1.0
1.0,1.0,2,1.0,48271.6970222245,19788.4757321773,303566.8350803,300,0,1,55,0,509,0.0
1.0,1.0,0,1.0,111758.179470613,10007.9800172406,165137.189625252,60,1,2,38,1,811,0.0
1.0,1.0,0,0.0,45663.5535879439,17172.079375284,63163.659111778,60,1,1,36,1,740,0.0
1.0,1.0,2,1.0,45884.5303380927,18298.2306086851,176366.503974033,300,1,2,41,1,666,0.0
1.0,0.0,3,1.0,63729.0862953885,15525.2636821531,111844.682327726,360,1,2,37,1,777,0.0
0.0,1.0,0,1.0,29995.5627710612,29056.4759750796,133862.772363832,240,1,0,49,1,820,0.0
0.0,0.0,0,1.0,66701.1605816823,23715.5596628814,112638.908388975,120,0,2,24,0,550,1.0
0.0,1.0,1,0.0,70619.5132392818,12928.3831090595,166328.150793152,60,1,2,38,1,828,1.0
0.0,1.0,0,1.0,53487.7789570299,27450.4100822325,139117.243943094,120,1,1,35,1,831,0.0
1.0,1.0,3,1.0,52269.1676820448,19522.7437764857,160340.81808957,180,1,2,27,1,801,1.0
1.0,1.0,3,1.0,71110.2529268449,19800.636179041,194979.93689897,180,0,2,57,0,324,1.0
0.0,0.0,1,0.0,69009.9144755607,18710.5373821536,208047.634537128,180,1,2,37,1,848,0.0
1.0,1.0,3,0.0,77209.4697671949,19612.7208431783,167369.492085427,240,1,2,41,1,829,0.0
1.0,1.0,3,1.0,50827.2272779783,8157.57819484756,129555.191250525,240,1,1,33,1,847,0.0
1.0,0.0,1,0.0,40353.9283924537,5027.35042031584,137685.49286956,180,0,0,44,0,643,0.0
1.0,0.0,1,1.0,63528.8311055445,4607.79836009233,119633.847726454,300,0,2,47,0,460,0.0
1.0,0.0,0,1.0,78010.6615466318,19981.1199564454,140475.715109744,60,1,1,30,1,826,1.0
0.0,1.0,2,1.0,51652.6637278983,27663.3026795628,138456.794440103,180,0,0,21,0,584,0.0
1.0,1.0,1,1.0,92175.6171146874,10690.0379978018,200931.22550169,300,1,2,29,1,712,1.0
0.0,1.0,1,0.0,45212.5718508192,18188.0833962825,197870.492261609,240,1,1,38,1,799,0.0
0.0,1.0,2,1.0,77449.1465656028,24647.6989430244,169602.225193425,360,1,0,23,1,803,0.0
1.0,0.0,0,1.0,19001.1744284504,155.609318065737,149679.962369843,120,0,1,51,0,455,0.0
1.0,1.0,3,1.0,73904.0580016799,0.0,92971.0755255722,360,0,2,34,0,348,1.0
1.0,1.0,1,1.0,54316.898041424,3281.68699527474,194520.400259342,240,1,1,45,1,848,0.0
1.0,0.0,2,1.0,51322.5307404162,12862.2975193765,93706.4586427438,120,1,0,35,1,730,1.0
1.0,1.0,2,0.0,102105.948589166,15375.6685870725,118148.719506356,60,1,1,34,1,733,0.0
1.0,0.0,1,0.0,81486.3602543112,20168.2526582445,223268.971374925,360,0,2,30,0,476,0.0
0.0,0.0,2,1.0,70281.2510484955,3263.69607453202,141745.86688145,360,1,0,30,1,797,1.0
0.0,0.0,2,,29390.7718051324,15891.9819661257,144517.257544127,300,0,2,29,0,417,0.0
1.0,1.0,2,1.0,92465.133810561,12154.8969566077,214587.392536631,240,0,2,59,0,641,1.0
1.0,0.0,1,1.0,87766.7555641689,13716.0173408239,94228.9998234896,180,1,0,41,1,712,0.0
1.0,0.0,3,1.0,56964.2980992883,4598.01289044526,162290.961090819,360,1,2,32,1,838,0.0
0.0,1.0,1,1.0,39295.1535516125,24959.7367884644,134592.618527343,240,0,2,34,0,348,0.0
0.0,0.0,0,1.0,43627.8994667984,28662.1478520578,205876.02743873,180,1,0,47,1,720,1.0
1.0,1.0,1,0.0,51199.1102660603,24671.7812243894,105733.678389096,60,1,0,38,1,650,1.0
0.0,1.0,2,1.0,43884.0069023159,8099.87400185414,168235.588660424,180,1,1,31,1,790,0.0
0.0,0.0,0,1.0,70089.6651276603,3959.74366527614,143793.581259114,60,1,1,35,1,828,0.0
1.0,0.0,2,1.0,49815.7327480173,17239.9496890104,175293.217905807,180,1,2,44,1,772,0.0
0.0,1.0,1,0.0,38027.5914964437,10611.5000952182,157205.818138984,240,0,2,25,0,510,1.0
1.0,0.0,0,1.0,50958.1933433384,5217.3435073376,142345.974775929,180,0,0,33,0,617,1.0
1.0,1.0,1,1.0,33198.5585775213,21672.1893930452,91093.6052324972,360,0,1,36,0,331,
1.0,1.0,2,1.0,43222.1465194852,8280.82689535009,79238.3034566763,120,1,1,31,1,807,0.0
1.0,0.0,2,0.0,97315.4902228951,13414.6230758354,155303.628819341,360,0,2,47,0,584,0.0
1.0,1.0,2,0.0,50561.3626842113,20207.5612035871,119651.827706368,60,0,1,39,0,604,0.0
1.0,1.0,0,1.0,63369.2195253922,30199.520059143,252740.490931932,60,1,2,42,1,822,0.0
1.0,1.0,2,1.0,80677.6210984841,1747.18628047558,117161.482082414,180,1,2,31,1,679,0.0
0.0,1.0,1,0.0,83318.3304051044,490.870714059874,128452.809975738,60,1,1,26,1,793,0.0
1.0,1.0,1,1.0,62706.7669578458,9346.50047498905,207091.546386811,60,0,2,28,0,318,1.0
,1.0,0,1.0,56632.3015505429,11505.7504936429,159433.522375499,240,1,0,33,1,667,0.0
1.0,1.0,1,1.0,61386.886740725,14623.1287925776,162305.885318829,360,0,0,24,0,556,0.0
1.0,1.0,0,,59219.6096124491,15195.4584479818,146253.121413813,240,0,2,23,0,377,0.0
1.0,0.0,0,1.0,66383.4902083836,14421.633876224,190915.686815998,180,1,2,32,1,764,0.0
1.0,1.0,1,0.0,46530.1875151226,9086.05270161952,172194.641952144,300,1,1,32,0,824,1.0
0.0,1.0,1,0.0,50292.7290434179,12344.3948748145,152601.032521981,300,1,0,27,1,843,0.0
1.0,1.0,1,1.0,16458.6990711429,13820.1890539262,224122.201437731,240,0,1,26,0,412,0.0
0.0,1.0,1,1.0,38647.5914123481,14177.4630032854,193034.271068431,300,1,1,30,1,763,1.0
1.0,1.0,0,1.0,64064.7190917206,18140.2260248611,93119.9897517882,360,1,2,34,1,815,0.0
0.0,0.0,2,1.0,63308.073205994,20918.0119114501,226942.364523467,120,0,2,23,0,618,0.0
1.0,1.0,2,1.0,38715.599863653,11639.3330349425,210563.27482465,240,0,1,26,0,431,1.0
0.0,1.0,1,0.0,62897.7566619378,17047.9787728191,176257.232939413,120,1,2,30,1,778,0.0
1.0,1.0,0,1.0,46005.4898401482,13316.9957682835,101716.604307638,180,0,1,33,0,563,0.0
1.0,1.0,3,1.0,64505.2823449509,29916.738588018,131583.364498041,60,0,2,49,0,354,1.0
1.0,1.0,2,1.0,64465.4167184052,32648.2588379173,151080.277379584,300,0,1,38,0,430,0.0
1.0,1.0,1,1.0,55044.9516352058,11609.1170547317,127403.1930997,360,1,2,29,1,681,0.0
1.0,1.0,1,1.0,69041.3567651934,688.85857228745,176243.249586256,240,0,1,31,0,565,1.0
1.0,1.0,2,1.0,44662.7192399089,20615.734705711,147717.85733331,180,0,1,49,0,461,1.0
1.0,0.0,0,0.0,62218.4517941973,16165.7851201246,174563.701036314,120,0,0,39,0,386,0.0
1.0,0.0,0,1.0,43830.1279421362,14048.8835229923,109762.409314043,60,0,2,21,0,354,0.0
0.0,1.0,0,1.0,118545.401849466,25329.7423491403,118972.956227716,120,0,0,52,0,587,0.0
0.0,1.0,0,0.0,68375.1992025499,9557.25567075461,20000.0,60,1,0,37,1,827,
1.0,1.0,1,1.0,56047.5906440806,24137.1165234259,145766.455125016,180,1,1,29,1,784,
0.0,1.0,0,1.0,29137.6354411426,9801.65854274773,192600.751745424,180,0,0,51,0,648,1.0
0.0,0.0,2,1.0,61045.1698099496,0.0,204169.607179167,300,1,2,39,1,657,
1.0,1.0,2,1.0,92569.3710954464,13382.3271883433,186851.142777815,240,1,0,24,1,714,0.0
0.0,1.0,2,1.0,83778.2674294928,31389.6052759983,179766.164394633,300,1,2,32,1,706,1.0
0.0,1.0,2,1.0,31520.8569509971,20574.0855685118,172061.991108513,60,1,2,26,1,716,
0.0,1.0,1,1.0,59346.1050381181,13717.3651951616,117658.184791618,180,0,2,43,0,554,0.0
1.0,0.0,2,1.0,47178.3746692328,36353.2112397595,162276.408602808,240,1,1,33,1,721,1.0
1.0,1.0,1,1.0,44734.8168691496,26196.8777855338,111392.551814402,120,1,1,28,1,703,0.0
0.0,0.0,0,1.0,58852.0926985192,20125.436283994,150720.828131777,60,0,2,35,0,548,0.0
1.0,1.0,1,1.0,64664.32262527,22445.8639847313,163723.008880692,300,0,2,21,0,538,0.0
1.0,1.0,1,0.0,116293.088889451,17096.8606357448,,300,0,1,33,0,528,0.0
1.0,1.0,0,1.0,51250.8339935317,11467.3586456184,160051.675185828,360,1,2,33,1,716,0.0
1.0,1.0,1,0.0,104626.002923852,20647.8910590764,220841.70410694,60,0,2,29,0,350,0.0
1.0,1.0,2,1.0,66993.0009459938,17074.8879785218,129720.632162616,360,1,2,39,1,746,
1.0,1.0,0,1.0,62300.5215829483,7065.40270116528,172037.837721938,120,0,0,29,0,391,0.0
1.0,1.0,0,1.0,15000.0,34824.7045016892,103828.53971393,360,0,2,43,0,563,0.0
1.0,,0,0.0,40566.8653091742,5710.73517539269,215752.40297621,120,1,0,37,0,811,1.0
0.0,1.0,1,1.0,27768.6528179434,25469.545344282,209403.093812553,180,1,2,41,1,684,0.0
0.0,1.0,1,1.0,69464.7524914708,19168.0157448311,170460.628930327,60,1,2,31,1,745,0.0
1.0,1.0,2,1.0,25375.9739311014,17440.9844350238,116642.022496683,360,1,2,43,1,737,0.0
1.0,0.0,0,1.0,41586.5281384126,28592.975993648,158340.802975913,180,1,2,26,1,727,0.0
1.0,1.0,0,1.0,85761.5144970475,18651.6900104832,133896.930176083,180,1,1,31,1,681,1.0
1.0,0.0,2,0.0,71045.9987535904,18849.6641604763,128108.893856917,360,0,2,28,0,419,0.0
1.0,1.0,1,1.0,73578.9397552446,7017.93923641845,206097.524595761,300,0,0,25,0,601,0.0
0.0,1.0,2,1.0,33852.6043553807,17387.3792529135,125670.937682263,300,1,1,42,1,793,0.0
1.0,1.0,1,1.0,63361.1961193364,16879.4177643275,164483.490606907,240,1,2,42,1,845,0.0
1.0,0.0,2,,94947.2639583111,25507.7429047211,163754.673847187,240,0,2,38,0,464,1.0
1.0,1.0,0,1.0,,13408.5052846227,181436.527412981,120,1,2,34,1,831,1.0
1.0,1.0,1,1.0,75176.4883232721,10302.702035104,121480.163020162,60,0,2,28,0,522,0.0
0.0,1.0,0,1.0,15000.0,11768.3233429751,200853.277198507,120,0,2,28,0,610,0.0
1.0,0.0,2,1.0,88447.3972339701,0.0,213924.260372583,240,0,1,35,0,306,1.0
1.0,1.0,2,1.0,74661.0856293199,6966.39567234306,113517.105885294,360,1,0,32,1,723,0.0
0.0,1.0,0,1.0,39704.8653861426,8568.16657972969,49249.5780246454,120,0,0,32,0,562,0.0
0.0,0.0,3,0.0,51730.6967775344,23096.5753014824,163384.812717933,120,1,1,36,1,810,1.0
0.0,1.0,1,0.0,61835.21553071,1634.3149968508,233821.170892203,180,1,1,30,1,800,0.0
0.0,1.0,0,0.0,51522.1991535529,23153.2416680901,108369.639013057,300,0,2,47,0,384,1.0
1.0,1.0,0,1.0,47767.3252661088,18362.6295118589,222770.474108601,120,1,2,25,1,796,0.0
1.0,1.0,1,0.0,56687.3717936473,19825.3370982118,129616.971071703,60,1,0,26,1,761,1.0
1.0,0.0,2,1.0,51029.1432694427,7287.30583322519,111387.34645584,180,1,2,48,1,774,0.0
1.0,0.0,0,1.0,48587.1913959977,586.582542846303,152021.446991673,240,1,2,48,1,796,0.0
0.0,1.0,0,1.0,72431.437797121,19115.6571916428,106671.472278725,180,1,2,26,1,685,0.0
1.0,1.0,1,1.0,79925.3363889428,22318.9806923438,150349.245812796,360,0,2,27,0,584,1.0
0.0,1.0,2,1.0,56414.9794928617,20960.8149413248,168192.02171463,120,1,2,29,1,837,1.0
0.0,1.0,0,0.0,28328.2322042484,22777.3504724785,115217.72749399,60,1,0,43,1,731,0.0
1.0,1.0,1,0.0,72456.9986469499,28369.6907355596,155191.461751634,120,1,2,43,1,651,
0.0,1.0,1,0.0,47248.2491584807,2865.36639847076,142470.822581253,360,0,2,35,0,602,0.0
0.0,1.0,3,0.0,84379.4157958732,34920.9440749745,186610.903654549,300,0,1,21,0,496,
1.0,0.0,1,1.0,42606.7383745061,10194.2558679752,200241.084587895,180,1,0,39,1,797,0.0
1.0,1.0,1,1.0,57883.624850046,0.0,88233.301034826,240,1,1,41,1,660,0.0
0.0,1.0,0,0.0,81683.9648808708,16426.8841220163,124406.579945324,360,0,0,24,0,533,0.0
0.0,1.0,2,1.0,62464.0961356897,21938.234538591,103851.155081295,180,0,0,23,0,494,0.0
1.0,0.0,0,0.0,50316.5209750252,21400.2661838432,116977.63159962,180,0,2,30,0,418,0.0
0.0,1.0,2,0.0,15000.0,11653.961454697,241431.263122091,180,1,1,34,1,789,0.0
1.0,1.0,0,1.0,44734.2779164283,21037.1324054419,238751.851056373,300,0,2,22,0,319,0.0
1.0,0.0,2,0.0,50336.2707540125,31053.559623618,253497.386953483,240,1,2,26,1,654,0.0
1.0,0.0,0,1.0,50005.3964769673,19289.6794854851,213584.839576127,60,1,2,37,1,686,0.0
,1.0,0,1.0,37549.1038751117,4421.63381389765,107076.205441367,360,1,1,31,1,815,0.0
1.0,1.0,0,1.0,63621.2548554216,0.0,89720.8824488122,300,0,1,26,0,555,0.0
1.0,0.0,1,1.0,79653.8196789102,18319.1844770788,118501.498407215,120,0,2,49,0,521,1.0
1.0,1.0,0,1.0,48877.6250647843,24346.5470733662,177990.588096538,180,1,2,29,1,786,0.0
0.0,1.0,1,0.0,97110.0662958852,4703.89028910599,156634.230956653,120,0,1,22,0,525,0.0
1.0,0.0,1,1.0,65612.7280898027,0.0,184014.358285887,360,0,1,48,0,352,0.0
1.0,1.0,3,0.0,79510.9025424471,20980.9915504746,164196.394380236,300,0,0,30,0,641,1.0
1.0,1.0,0,1.0,61466.359343768,1878.36798804482,192721.887557027,360,1,1,31,1,757,0.0
1.0,1.0,1,1.0,93489.8486669507,31414.2862772231,137134.174970536,60,0,2,27,0,579,1.0
1.0,0.0,0,0.0,82026.4591547152,35268.1711604239,209423.748325176,120,1,1,41,1,730,
0.0,0.0,2,1.0,93469.0418059707,28523.6254592615,116221.573570439,60,1,2,36,1,807,0.0
1.0,0.0,3,1.0,49283.970738954,20686.4461601277,119337.309267496,300,1,2,37,1,769,
1.0,1.0,2,1.0,31274.9227014376,7462.92355138254,230503.806159482,60,0,0,29,0,358,0.0
0.0,1.0,1,0.0,64411.6707547472,4222.56065069656,141852.184459707,360,1,0,45,1,777,0.0
1.0,0.0,1,1.0,70109.4031833325,22853.4560301028,64175.1211428067,120,0,2,42,0,523,1.0
1.0,1.0,1,0.0,77873.9537877822,18916.9801601047,184764.636333219,360,1,2,32,1,763,0.0
1.0,1.0,0,1.0,59944.2777866619,24937.4026286795,253041.328195132,300,0,1,47,0,414,1.0
1.0,1.0,3,1.0,55018.5631069391,13662.2062747876,170854.024900432,300,1,2,37,1,663,0.0
1.0,0.0,0,1.0,55457.8798443814,26850.0698358301,163919.284766044,60,1,2,38,1,658,0.0
1.0,1.0,1,1.0,31896.2030639285,8510.01479526842,174095.081602016,180,0,1,30,0,339,0.0
0.0,1.0,3,1.0,50245.8925410251,10887.3956951651,154035.686336322,360,0,2,44,0,536,0.0
0.0,1.0,3,1.0,65074.7932298914,0.0,98133.6900849328,300,1,2,23,1,674,0.0
1.0,0.0,3,1.0,73099.5116844337,0.0,194365.448122987,120,1,0,41,1,752,0.0
1.0,1.0,1,0.0,80474.1909221396,21381.8699884857,188147.912835698,360,0,2,22,0,500,
1.0,0.0,1,1.0,49394.8476325511,0.0,128776.204120411,60,0,0,26,0,545,1.0
1.0,1.0,0,1.0,80287.4013003626,4720.76234989261,197018.484431164,300,1,1,40,1,671,1.0
1.0,1.0,1,1.0,47905.1067092357,786.500546814528,121225.489345193,300,1,0,41,1,653,1.0
0.0,1.0,1,1.0,68188.770612845,0.0,119746.815463901,120,1,2,41,1,803,0.0
0.0,1.0,1,1.0,39148.4461065884,3902.49872111725,129786.087789396,360,1,1,25,1,835,0.0
1.0,0.0,0,1.0,59733.9072924272,14206.2385997968,129575.024092189,180,0,2,21,0,328,
1.0,0.0,0,1.0,56965.7113284554,17932.8442900485,124334.345549716,60,1,2,39,1,758,0.0
1.0,1.0,0,1.0,58163.1047133009,17899.1117403766,175580.254518451,180,0,0,34,0,397,0.0
0.0,1.0,1,1.0,93309.4888892515,44354.0620638846,263704.678457162,60,1,2,43,1,686,0.0
0.0,0.0,1,1.0,92870.8301824106,10641.4264501859,156527.114621417,240,0,0,41,0,374,1.0
1.0,1.0,0,1.0,66759.1505646423,0.0,140993.219779507,240,1,2,49,1,719,1.0
1.0,1.0,0,1.0,87989.7285394468,21095.0989621244,195080.972446237,60,1,1,34,1,795,0.0
1.0,1.0,2,1.0,44418.1452124659,16214.7857932905,147927.10188351,360,1,1,42,1,777,0.0
1.0,0.0,0,1.0,68883.9665458134,0.0,142246.897765076,240,0,2,32,0,640,0.0
1.0,1.0,0,1.0,41743.7816140697,24661.3966086104,183805.080682495,240,1,0,29,1,691,0.0
1.0,0.0,0,1.0,28111.4468241126,18301.1379047094,187852.80009097,240,0,2,47,0,340,0.0
0.0,1.0,1,1.0,58217.5992097442,24017.2869714027,78014.7351690982,120,1,1,26,1,815,0.0
1.0,0.0,0,1.0,86203.8381616179,18588.4807267891,115703.274802519,180,1,0,32,1,683,1.0
1.0,1.0,1,1.0,77315.1038834024,24289.3201353221,196025.478753284,120,1,0,35,1,666,0.0
1.0,0.0,0,1.0,61863.1667539948,5827.38357822712,250705.686167987,120,1,1,43,1,814,1.0
1.0,1.0,0,1.0,70140.4054427071,9321.92157815894,257048.514816517,180,0,1,32,0,452,
1.0,1.0,1,1.0,33039.0577611966,19060.9401884866,20000.0,240,1,1,34,1,771,1.0
0.0,0.0,2,0.0,71423.5881243841,18070.0306000536,158911.987195252,300,0,2,47,0,375,1.0
1.0,1.0,2,0.0,50160.8619026103,29519.2663231472,248482.834247554,120,1,2,34,1,736,0.0
1.0,1.0,0,1.0,61591.9572475207,10372.6335200366,158768.262032766,120,1,2,41,1,766,1.0
0.0,1.0,0,1.0,82993.4403775749,24156.5380425834,157692.711443674,180,1,2,36,1,755,1.0
1.0,0.0,2,1.0,80980.1845167377,13531.4647874469,175276.94384516,120,0,2,35,0,641,1.0
1.0,1.0,1,1.0,71411.9733718631,23070.4641660668,122362.460646683,240,1,2,21,1,676,0.0
1.0,1.0,0,0.0,67916.3956219184,0.0,171391.893026802,300,0,1,42,0,612,0.0
0.0,1.0,1,1.0,67336.2808657088,33068.5888414651,131606.835315175,360,1,0,41,1,680,0.0
1.0,0.0,0,0.0,80150.2737967384,22351.3211305409,180620.582645768,180,0,0,30,0,433,0.0
1.0,1.0,3,1.0,43151.3473974734,26378.5777596937,158012.964332083,300,1,2,35,1,817,0.0
1.0,1.0,1,1.0,47080.7164175092,19853.5990755319,240839.661833118,60,0,2,31,0,397,0.0
1.0,1.0,0,,75957.0140276427,22738.7717344282,248997.41841453,240,0,2,36,0,567,0.0
1.0,1.0,2,0.0,79106.1041714102,7243.93395397608,141975.688983571,300,0,1,21,0,536,1.0
1.0,0.0,0,1.0,97753.7531468038,0.0,197343.073082308,240,1,2,40,1,702,0.0
1.0,0.0,2,0.0,58995.2378110172,23822.8649259921,155875.880957904,180,0,2,23,0,472,0.0
0.0,0.0,0,1.0,34528.289028068,18343.7474687329,190830.178517885,240,0,2,24,0,489,0.0
0.0,1.0,2,0.0,98966.8528957962,8487.12535016818,127680.075059224,240,0,2,41,0,421,
0.0,1.0,0,0.0,57496.5114323367,10784.176885597,199426.305232372,60,1,1,38,1,695,0.0
0.0,0.0,2,0.0,70159.8265382508,25472.7640855946,162835.958639787,360,1,1,48,1,713,
1.0,1.0,3,1.0,101250.498384862,29355.7099316362,233898.291848434,120,1,2,21,1,779,0.0
1.0,1.0,0,0.0,60566.3675226092,12178.7422306608,37163.744735529,300,0,2,25,0,609,1.0
0.0,1.0,0,1.0,63694.8115779144,30283.3156348624,56148.0422684845,120,1,0,35,1,756,0.0
0.0,0.0,3,0.0,47782.8472038986,6061.83569418387,199969.047319639,240,0,2,42,0,492,0.0
1.0,1.0,2,1.0,31384.497957639,23264.0331733052,162053.803940164,60,1,2,39,1,700,0.0
1.0,1.0,2,1.0,32359.6486261512,27592.8371143616,195563.114151891,180,0,1,34,0,480,1.0
1.0,1.0,2,1.0,27960.6837620566,21072.8901510169,137614.640078275,180,1,1,42,1,685,0.0
1.0,0.0,1,0.0,74736.8779418486,18630.0428480607,115932.419678239,60,1,1,44,1,764,1.0
1.0,0.0,0,0.0,97535.9162511613,0.0,168259.052015132,60,1,2,32,1,675,0.0
0.0,1.0,0,1.0,72678.3804463602,24693.6930240805,122413.107408385,120,1,2,32,1,678,1.0
1.0,0.0,0,1.0,67615.561427301,11946.9084648143,173016.390919074,120,1,1,26,1,798,0.0
1.0,1.0,2,1.0,35109.1499983055,21887.1274455476,45876.4011648664,300,1,1,26,1,660,0.0
0.0,1.0,0,1.0,36206.6668181927,19190.5073475346,175340.129727623,360,1,1,39,1,689,0.0
0.0,1.0,2,1.0,47961.1111612964,14804.6961053289,156238.193143869,360,1,0,38,1,660,0.0
0.0,1.0,0,1.0,24739.1968927453,6389.50327834424,126854.181025683,300,0,1,29,0,463,0.0
1.0,1.0,0,0.0,75066.8324220906,5903.10211591665,107046.134181737,300,0,2,28,0,412,1.0
1.0,1.0,0,1.0,93398.0900870281,11769.5763122699,,60,1,1,40,1,836,0.0
1.0,1.0,0,1.0,26867.5358464445,27065.357234543,105786.198181979,300,0,2,43,0,594,0.0
0.0,1.0,0,0.0,87849.3060012865,2939.77628591881,100542.27410035,60,0,0,28,0,531,1.0
1.0,1.0,0,1.0,44964.1789980963,29950.3030973583,88881.8596497873,360,1,0,49,1,703,0.0
1.0,1.0,2,1.0,77898.2111205365,29224.2295528582,71803.5367549673,120,1,1,33,1,747,
0.0,1.0,2,1.0,54466.564565617,40233.7333139955,121920.066181156,180,0,2,26,0,354,1.0
1.0,0.0,2,1.0,75210.1223916828,20098.8724792119,160993.507118697,120,1,1,43,1,760,0.0
1.0,1.0,2,1.0,15000.0,24724.4399791801,55706.7691067895,60,0,2,39,0,451,0.0
1.0,1.0,2,0.0,26542.1219737685,6395.61531933166,47823.0823051882,240,1,1,25,0,799,1.0
0.0,1.0,0,1.0,22669.2009727876,12534.2894574042,131465.10423919,360,0,2,21,0,368,0.0
0.0,1.0,3,1.0,56114.6173604296,31129.7817059305,132466.33031707,240,0,2,24,0,611,
0.0,1.0,0,1.0,52727.7557557228,32445.8387007524,246904.744969656,240,0,2,37,0,588,0.0
1.0,1.0,2,0.0,60004.1412983639,8707.79327152637,134302.390654206,360,1,1,38,1,685,0.0
1.0,1.0,1,1.0,42176.1554916942,16514.0739607201,97905.6533761315,240,0,2,30,0,538,0.0
0.0,1.0,3,0.0,80726.0578414496,1858.0047037689,188592.524290339,300,0,1,48,0,447,1.0
0.0,0.0,2,1.0,74841.9074401861,12510.2634471932,71032.7418964869,300,0,2,38,0,526,1.0
1.0,0.0,2,1.0,70778.2008736931,18814.2561753434,122865.156304869,240,1,2,39,1,730,1.0
1.0,1.0,3,1.0,56477.7513208027,29911.6640428018,122779.949021054,360,0,2,42,0,500,0.0
0.0,0.0,1,1.0,57769.8234571411,6997.77264600096,135370.262504619,60,1,2,47,1,803,1.0
1.0,,1,0.0,83327.410913385,11187.6271272712,166650.106472452,300,0,2,50,0,372,0.0
1.0,1.0,2,1.0,60674.381098021,9538.3389578198,136608.028371584,120,1,1,30,1,850,1.0
0.0,0.0,1,1.0,72590.5916844362,24714.1235767236,115275.079487597,360,0,2,46,0,595,1.0
1.0,1.0,0,1.0,82487.06719741,0.0,111870.928525147,60,1,2,27,1,666,0.0
0.0,0.0,2,1.0,79451.0889925346,3318.22172149799,186153.516206778,180,1,2,34,1,778,0.0
0.0,1.0,0,0.0,55720.2231154898,12419.9146380239,167914.990746638,60,0,1,40,0,516,1.0
1.0,1.0,1,1.0,55085.1387182811,5216.92050177502,165469.522122991,360,0,2,43,0,360,0.0
1.0,1.0,0,1.0,52086.3857648747,26516.6558304747,103129.310578184,60,1,1,32,1,820,0.0
1.0,1.0,0,0.0,60949.8693650328,0.0,79008.7343271215,300,0,2,36,0,403,1.0
1.0,1.0,1,1.0,47003.4622900512,20025.4624645418,157592.377482078,180,0,2,35,0,341,
0.0,1.0,0,1.0,74419.9390581127,15714.2083258109,47811.5649236751,120,0,1,36,0,324,0.0
0.0,1.0,1,1.0,31778.8633786783,6656.61813417337,139404.470326125,300,0,0,38,0,338,0.0
1.0,0.0,1,0.0,88489.9164249389,12377.6643061714,21492.6225709823,180,0,0,37,0,590,0.0
0.0,1.0,3,0.0,53518.6364958206,0.0,115421.929865311,120,0,1,40,0,430,0.0
0.0,1.0,2,1.0,58811.6963745501,15954.6204135829,117579.259552059,360,0,2,35,0,528,0.0
1.0,1.0,2,0.0,36273.2714578029,17845.6679047452,191078.20623123,300,1,2,33,1,757,0.0
0.0,1.0,3,1.0,84359.1830461111,13495.3185850501,171838.387555524,180,1,1,42,1,821,0.0
1.0,0.0,1,0.0,65773.8725855971,0.0,155631.834091282,300,1,2,41,1,828,0.0
1.0,1.0,3,0.0,58331.2406041927,6626.19210317533,164806.67949428,360,0,2,41,0,401,1.0
1.0,1.0,1,1.0,47014.4490986798,21989.5307171742,149854.24242926,300,1,2,41,1,747,0.0
0.0,1.0,2,0.0,35776.5614143843,25561.0125166998,177571.826908777,360,1,2,32,1,661,0.0
1.0,0.0,3,1.0,79840.8469907304,9850.61293566727,153434.035482526,300,1,2,37,1,668,0.0
0.0,0.0,0,1.0,72120.1990269128,3369.57349715398,196945.441601977,360,0,2,36,0,400,0.0
0.0,1.0,1,0.0,17455.45159297,13228.3188488523,99575.9286356842,240,0,2,28,0,343,0.0
1.0,1.0,2,1.0,70353.1804093824,4986.85345802033,165334.847101491,120,0,2,32,0,604,0.0
0.0,1.0,2,1.0,43509.7167694465,19604.1564984282,181446.955484823,360,1,2,44,1,838,0.0
1.0,1.0,2,1.0,21264.9459499507,19867.4150215806,129364.036040261,60,0,1,42,0,316,1.0
1.0,1.0,1,1.0,59242.1383656633,0.0,143247.769906861,240,0,0,31,0,629,0.0
1.0,1.0,2,1.0,90026.6730391097,21994.642468957,99601.8882543181,360,0,1,22,0,356,0.0
0.0,1.0,3,1.0,75094.6659613561,33955.0734599135,68539.5480459973,60,0,0,35,0,610,0.0
1.0,1.0,0,0.0,48721.0502388351,18666.062470138,193802.288833596,240,0,2,36,0,602,0.0
0.0,0.0,0,1.0,36421.5301740335,8024.58057524885,198130.678735581,240,1,2,32,1,661,0.0
1.0,1.0,0,1.0,15000.0,11475.4626836225,65896.6358151107,120,0,2,28,0,617,0.0
1.0,1.0,0,1.0,81929.3846762176,12340.7992580444,100827.511826101,360,0,2,30,0,379,0.0
1.0,1.0,2,1.0,57058.8523699572,15840.9438825019,84285.7451095939,300,1,0,42,1,732,0.0
1.0,0.0,0,0.0,73298.5432460348,26951.7741151141,293704.134900495,360,1,2,38,1,657,0.0
1.0,0.0,0,1.0,48603.3414352248,5233.79684136443,124917.666060177,60,0,0,21,0,448,0.0
0.0,0.0,0,0.0,69964.4349699357,22907.5931223252,155501.741196642,240,1,2,21,1,730,1.0
0.0,1.0,1,1.0,57519.5722522,20245.8468304761,103400.443735823,120,0,2,27,0,514,1.0
0.0,1.0,2,1.0,93742.8327014512,19022.6807720129,149472.178255957,300,1,2,32,1,767,0.0
1.0,1.0,0,1.0,56053.2315938534,25302.4969396956,199797.74641132,60,1,0,30,1,847,0.0
,1.0,0,0.0,53342.7919123497,15375.5307666056,151904.225285974,360,0,2,23,0,499,0.0
0.0,0.0,3,1.0,85815.1684824485,33701.386928213,89533.7766110793,180,0,2,32,0,324,0.0
1.0,1.0,1,1.0,62717.1884816331,9998.4731878527,152069.288115355,60,0,0,36,0,388,1.0
0.0,1.0,0,0.0,70464.4637147406,7068.65336386063,249163.632796038,120,1,2,39,1,661,0.0
0.0,1.0,2,1.0,100843.558210694,7525.70746750795,174426.0069237,120,1,0,40,1,792,1.0
1.0,0.0,1,1.0,86206.1749223921,43242.204263952,156472.332127372,300,1,1,25,1,708,0.0
1.0,1.0,2,0.0,62084.0220790375,13315.8028797111,120702.461564309,240,1,2,41,1,803,0.0
1.0,1.0,1,1.0,48155.1831037437,0.0,96926.3513538186,300,1,2,29,1,758,1.0
0.0,0.0,0,1.0,49735.7286705682,13402.5150200841,169301.230935428,180,0,0,46,0,325,1.0
1.0,0.0,3,1.0,81979.6671488392,2741.07736560054,119194.992338035,240,0,2,29,0,346,0.0
1.0,1.0,0,1.0,44016.1598669949,6508.95149009776,217383.904275631,180,1,2,40,1,681,0.0
0.0,1.0,1,1.0,57490.914799942,10676.9881419045,141803.701162224,300,1,2,38,1,659,0.0
1.0,1.0,0,1.0,27665.7325010397,11371.4437262639,170826.177235758,300,1,1,42,1,665,
1.0,1.0,0,1.0,23068.5390439116,11538.9572821998,99715.2456340903,300,1,2,46,1,848,0.0
1.0,1.0,2,1.0,64636.8418426969,28134.7316132523,150962.96545156,300,0,0,34,0,581,0.0
0.0,1.0,1,1.0,66929.7695179598,929.128052159831,151967.787749709,180,0,1,39,0,385,1.0
1.0,1.0,0,1.0,82447.4843740631,16026.9051674858,221587.474212054,300,1,0,34,1,784,0.0
1.0,0.0,0,0.0,38973.8017672131,13480.4887652801,182840.291425474,300,0,2,40,0,569,1.0
1.0,1.0,2,1.0,40532.4232394593,5271.72107417042,170220.40770357,240,1,1,35,1,728,0.0
1.0,0.0,0,0.0,101958.786782648,21457.9764160371,196735.887291424,360,1,1,39,1,766,0.0
0.0,1.0,0,1.0,25205.724424438,16171.2421614985,207506.84018398,300,0,0,38,0,306,0.0
1.0,1.0,0,1.0,75190.2977497221,20910.9053132522,132289.511916727,240,1,0,47,1,786,1.0
1.0,1.0,3,1.0,89243.9187743527,12774.2507277514,151001.487441217,180,0,2,36,0,475,0.0
1.0,0.0,1,1.0,68034.2344419788,21832.1240400106,125355.754380814,300,1,2,22,1,721,1.0
1.0,0.0,1,0.0,65221.1054435977,15874.7375368073,119905.141953369,120,1,2,27,1,708,0.0
0.0,1.0,1,0.0,41806.3316603633,11669.5237902447,132007.97696098,120,1,1,38,1,731,0.0
1.0,0.0,0,1.0,51053.5620868249,26017.378617862,118359.62003889,60,0,2,45,0,522,0.0
1.0,1.0,2,1.0,70016.6318200842,10652.0530662778,145609.582418257,300,0,2,38,0,402,0.0
1.0,1.0,0,1.0,51912.7601461995,13646.6576607689,43831.0730800885,120,1,1,33,1,666,
1.0,0.0,1,0.0,32018.4314363104,5873.21239304132,138661.960167492,180,0,1,41,0,313,0.0
1.0,1.0,1,1.0,87685.4563702103,33978.872926587,182480.243255644,300,0,2,36,0,458,0.0
1.0,1.0,0,1.0,42193.6430396025,19476.9626639501,,240,0,1,28,0,451,0.0
1.0,0.0,2,1.0,43635.5863353305,11121.2421813753,51020.2862073735,60,1,1,43,1,757,0.0
1.0,1.0,1,1.0,26611.8943775725,11518.4260318268,150159.899530764,180,0,2,38,0,487,0.0
1.0,0.0,2,1.0,83350.1964597289,20553.9886065174,130543.245201171,360,0,0,37,0,600,1.0
1.0,1.0,0,1.0,38897.846490391,5798.47768542314,137543.949825564,240,0,1,21,0,397,0.0
1.0,1.0,0,1.0,33293.1128257979,15087.8844263207,81806.6033185329,60,0,2,38,0,430,0.0
1.0,0.0,0,1.0,59327.7487059257,25156.2788399447,158339.683226549,240,1,2,31,1,686,0.0
1.0,1.0,2,0.0,42989.590915814,3483.18890965656,94640.8365059119,360,0,0,37,0,470,1.0
1.0,1.0,2,1.0,41570.9795314215,0.0,163078.87420327,360,1,1,35,1,817,0.0
1.0,0.0,0,1.0,68690.0529218261,37331.1591713217,,180,1,1,30,1,832,0.0
1.0,1.0,1,1.0,36522.4007118205,6806.13169501209,204871.134371135,120,1,1,35,1,757,0.0
1.0,0.0,1,1.0,41508.717712438,10197.855658676,163308.893260209,180,0,2,41,0,338,0.0
1.0,0.0,1,1.0,35214.8321029305,24778.4756465433,143334.209674094,300,1,2,30,1,664,
1.0,1.0,1,1.0,74429.5864751468,10865.512965282,194040.342674211,360,0,2,32,0,303,1.0
0.0,0.0,0,1.0,56801.2294007314,22344.7674500121,140132.242233266,300,0,2,34,0,648,0.0
1.0,1.0,1,1.0,36976.9252689426,20043.6506571841,116389.056372379,60,1,2,49,1,802,1.0
0.0,0.0,1,1.0,45367.3652218294,4293.33593809821,79150.4930159504,120,0,2,32,0,509,0.0
,0.0,0,1.0,50167.276287359,15829.1185317204,224260.829207355,360,0,2,38,0,460,0.0
1.0,0.0,2,1.0,70450.2821053151,25274.7934335269,171500.676190567,180,0,0,33,0,315,0.0
0.0,1.0,1,0.0,58642.5723660103,12453.9201398611,192864.57520615,300,0,2,23,0,407,1.0
1.0,1.0,1,1.0,32388.0258820069,19133.7202913039,141154.995475457,180,0,2,26,0,610,0.0
0.0,1.0,3,0.0,59002.3969174376,18367.1229542061,139221.526932011,240,1,2,37,1,819,1.0
1.0,1.0,0,0.0,74712.4399449149,8827.14293121112,168221.303856767,180,1,2,36,1,683,0.0
0.0,1.0,2,1.0,71049.7990883429,13956.4155056191,180923.11961941,300,0,0,42,0,550,1.0
0.0,1.0,0,0.0,64294.2636634105,11998.712131718,180201.242347477,120,1,2,35,1,662,0.0
1.0,0.0,1,1.0,67623.1676976555,22595.0003751612,151374.38166804,60,0,1,46,0,440,1.0
0.0,1.0,2,1.0,21606.5368760468,7765.133775802,52412.8695494775,300,1,1,28,1,667,1.0
0.0,,2,1.0,18193.9420229368,0.0,129747.452352722,60,0,2,46,0,395,1.0
1.0,1.0,3,1.0,37387.6933012494,16633.3468067753,111318.007753093,360,1,2,41,1,772,0.0
1.0,1.0,1,0.0,63417.3087625588,10008.6104852963,184388.192428088,300,1,2,31,1,688,0.0
1.0,1.0,2,1.0,18532.195351837,8343.06535106453,156577.582008874,120,0,0,46,0,601,0.0
0.0,0.0,0,1.0,55646.3759354556,13149.0235057878,231750.35828657,180,0,2,47,0,328,0.0
1.0,1.0,2,1.0,74014.0122424116,19508.123363318,104576.783123861,300,0,1,26,0,617,0.0
,1.0,1,0.0,41812.2509041052,16477.5590740012,146030.180930725,300,1,2,25,1,834,0.0
,1.0,0,1.0,34390.8885799506,26770.0063679033,192833.25599347,120,1,2,21,1,665,0.0
1.0,1.0,1,1.0,88410.0849597971,15223.392393186,91550.954489375,120,0,2,39,0,535,0.0
1.0,0.0,0,0.0,53146.248118393,18690.1643782516,134468.538008155,240,0,1,25,0,538,1.0
1.0,0.0,0,1.0,64386.0467440087,13479.810943673,119504.864652539,240,1,2,21,1,770,0.0
1.0,1.0,0,1.0,50741.2097594948,17509.5102071204,228479.203314054,240,0,2,31,0,565,1.0
0.0,1.0,2,1.0,67889.0428475659,21852.9008471096,93917.6881733402,60,1,2,30,1,807,0.0
1.0,1.0,1,1.0,72024.1349785823,26381.5033096761,241605.980378865,300,0,1,27,0,639,0.0
0.0,1.0,3,0.0,70596.0835583056,0.0,133815.86229794,360,1,2,36,1,782,0.0
1.0,1.0,2,1.0,100267.744950532,1922.23434852339,172716.571657611,240,1,1,40,1,714,1.0
1.0,1.0,3,1.0,51205.3788345165,662.699751897715,134845.364015413,180,1,0,30,1,826,1.0
1.0,0.0,3,1.0,75657.4746989714,18149.7187155533,28512.2351158727,60,0,2,33,0,302,0.0
0.0,1.0,1,1.0,56812.7553570818,10033.4894787175,165661.912450035,300,0,1,27,0,441,0.0
1.0,0.0,2,0.0,48399.6733469263,12321.012658415,109511.972920003,300,1,1,38,0,769,1.0
1.0,0.0,2,1.0,93381.3905165266,3826.72991068765,204337.948851328,240,0,2,34,0,457,0.0
0.0,0.0,0,,55391.9857158846,31301.2996487441,107581.673178845,300,1,0,27,1,717,0.0
0.0,0.0,0,0.0,37837.7508348226,4674.66723790589,109296.43887539,120,0,0,49,0,445,0.0
1.0,1.0,1,1.0,50683.8886176367,21190.8316938801,151547.404413391,120,1,1,25,1,839,0.0
1.0,0.0,0,0.0,72383.0852201039,0.0,158350.146084786,360,0,1,22,0,592,0.0
1.0,1.0,2,0.0,85795.0550816549,8832.24638480292,187523.493096754,240,0,0,29,0,452,0.0
1.0,1.0,1,1.0,62621.3037243169,18692.637776499,89207.8008587315,360,1,0,40,1,825,0.0
1.0,1.0,1,1.0,35806.1051431778,1243.65911213638,152769.845589166,360,0,2,28,0,492,0.0
1.0,1.0,0,0.0,44745.5044286757,19310.2295801089,245964.065007222,120,0,2,36,0,372,0.0
1.0,1.0,2,0.0,78751.4027525311,25309.193383669,245095.657433125,120,1,2,29,1,792,0.0
1.0,0.0,0,0.0,76839.6739090425,21586.319527905,179513.515553766,300,1,1,35,1,698,1.0
1.0,1.0,1,1.0,15000.0,24606.1323250348,231730.27558806,120,1,2,23,1,770,1.0
1.0,1.0,1,1.0,61179.6844317919,14706.482978843,100197.752991505,300,0,2,21,0,643,0.0
0.0,1.0,0,1.0,51484.8879069681,0.0,171467.535683063,180,1,0,38,1,845,0.0
0.0,1.0,1,1.0,43297.1419673995,10292.4490087521,70588.645064609,360,1,1,30,1,789,0.0
0.0,1.0,0,0.0,68419.4588877878,14839.4596075141,209237.194935334,360,0,2,31,0,486,0.0
1.0,1.0,3,1.0,60928.7309631229,17875.6390516732,61524.4881823763,300,1,1,23,1,686,0.0
1.0,1.0,1,,43254.7513790059,16214.6106419954,166507.497469596,360,0,2,34,0,360,0.0
,0.0,3,0.0,90426.321038449,0.0,154266.988789744,120,1,2,35,1,820,0.0
0.0,1.0,1,1.0,74121.5782763026,5654.06105101528,207646.708848738,300,1,0,44,1,773,0.0
0.0,1.0,2,0.0,64193.1883054925,0.0,186987.964534863,240,1,2,21,1,847,0.0
1.0,0.0,0,1.0,41192.0216703129,22811.7533628759,150357.662804874,300,0,2,51,0,594,1.0
0.0,0.0,1,0.0,45336.8760578,5089.08864668386,83756.934807488,300,0,0,39,0,618,0.0
0.0,1.0,1,1.0,138524.754128726,35456.5454767715,179411.839725752,360,1,1,35,1,695,0.0
0.0,1.0,2,1.0,59619.6758419462,0.0,196217.8684013,300,0,1,34,0,643,0.0
0.0,0.0,1,0.0,15000.0,2571.28413936865,130366.267323695,60,1,1,35,0,660,1.0
0.0,1.0,2,1.0,72694.4293712354,8429.64762982676,103563.18422336,60,0,1,34,0,361,0.0
0.0,1.0,0,1.0,96186.1269946622,31170.4492452168,252246.939901551,180,1,1,34,1,726,0.0
1.0,0.0,0,0.0,49796.7837269956,481.652548315649,150579.692966268,300,1,2,37,1,802,0.0
0.0,1.0,0,0.0,52751.1811719373,17362.2364626423,153304.712314948,360,1,1,30,1,848,
0.0,1.0,1,1.0,60911.2776228379,11124.1910874443,159652.540147905,180,0,2,27,0,351,1.0
1.0,0.0,1,1.0,54602.5012941325,9957.01984187376,151000.69025008,120,1,1,38,1,653,1.0
1.0,0.0,0,1.0,61704.188992678,13009.3744624013,,360,1,2,24,1,708,1.0
1.0,1.0,0,1.0,36215.3506984574,17156.6877093361,61586.8245249257,300,0,2,21,0,371,0.0
1.0,1.0,1,1.0,57931.3755141943,0.0,180307.484987923,120,0,0,25,0,447,0.0
1.0,0.0,0,1.0,36933.3519358851,29239.5384554116,69349.1593211515,60,0,2,48,0,648,0.0
1.0,0.0,2,0.0,68746.2637407792,10417.7697074349,211636.417103414,300,1,0,34,0,712,1.0
1.0,,1,1.0,66459.4900723533,13789.7896899043,163876.234223814,180,0,0,35,0,609,0.0
1.0,1.0,0,0.0,81635.3345534565,38456.2416189644,163871.055561867,120,0,0,44,0,542,0.0
1.0,0.0,3,1.0,71531.1392611153,25371.8140564905,138960.542510397,180,0,1,21,0,629,1.0
1.0,1.0,1,1.0,55237.7912737589,0.0,113655.530839764,60,0,0,24,0,406,
0.0,1.0,0,1.0,48585.0741250104,31935.4713341367,59418.0076440806,60,0,1,33,0,525,0.0
1.0,1.0,1,1.0,52322.5051733843,19189.1161137278,242691.707875111,120,1,0,41,1,706,0.0
1.0,1.0,1,1.0,70664.1463579862,19203.098174852,165991.153130703,120,1,1,29,1,818,1.0
1.0,1.0,2,1.0,42720.1846064036,19914.1275635552,127839.065378615,120,1,2,49,1,652,
1.0,0.0,1,1.0,49646.1485426157,7851.92741008529,185174.676135558,60,1,1,32,1,769,0.0
0.0,0.0,0,1.0,63295.2168247303,8699.51568651658,142375.016084504,60,1,2,27,1,655,1.0
1.0,1.0,1,1.0,54666.9534153117,21322.1631403185,141100.689602432,240,0,1,26,0,304,0.0
1.0,1.0,0,1.0,49509.5946744045,22151.7439012805,184377.535979624,180,0,1,43,0,560,1.0
1.0,1.0,1,1.0,51587.0935446928,17306.1084876621,104069.177073848,360,0,0,49,0,353,0.0
1.0,0.0,0,0.0,67869.7077084349,22769.3169235482,105666.748265781,360,0,0,51,0,346,0.0
1.0,1.0,1,1.0,49764.7288411539,15765.1806224371,207575.75729665,180,0,2,24,0,514,0.0
1.0,,3,1.0,81536.9628931536,15872.0499203726,186024.305412714,180,0,1,30,0,476,1.0
0.0,1.0,1,1.0,44951.2952529393,11224.6885144017,181607.581484538,300,1,1,32,1,658,0.0
0.0,1.0,1,1.0,43316.3030253475,11501.1465087699,183238.154486218,240,1,2,32,1,748,
0.0,1.0,3,1.0,63637.3251011699,30941.7795620401,115037.796788546,60,1,2,30,1,669,0.0
1.0,1.0,0,1.0,62405.9126342379,10622.6267759567,108183.073175185,240,1,1,24,1,771,1.0
1.0,1.0,1,1.0,59755.0645430617,28181.9706723402,105803.852508582,360,0,0,24,0,540,0.0
1.0,0.0,1,1.0,63887.6860315467,14366.1014796518,,60,0,2,21,0,360,
1.0,0.0,0,1.0,64241.8670614835,18753.5969614447,161583.496950936,60,0,1,25,0,477,1.0
1.0,1.0,2,0.0,75321.6055676938,22399.4405137931,255292.817218166,120,1,1,31,1,731,0.0
0.0,0.0,2,1.0,61532.1814090331,24416.1901355149,161793.253287478,180,1,0,35,1,711,0.0
0.0,1.0,0,0.0,60574.8964586963,19224.3497290144,224009.153844093,360,0,2,26,0,444,0.0
1.0,1.0,1,0.0,53729.406276552,4840.0456883197,209352.557533319,300,1,1,32,1,652,0.0
1.0,1.0,1,1.0,47253.8450594241,25579.6071383879,166341.610474176,180,0,0,45,0,459,1.0
1.0,1.0,0,0.0,60452.6170535373,24219.3637800761,225769.837463179,180,0,2,26,0,526,0.0
0.0,1.0,1,1.0,41012.0222233611,0.0,62964.9696809832,180,0,0,32,0,568,0.0
1.0,0.0,1,0.0,62901.2749191876,2548.49424039914,151514.181827648,360,1,2,30,1,769,
0.0,0.0,0,1.0,68731.1960831533,7445.0111686605,71488.1672959077,360,1,1,36,1,774,0.0
1.0,1.0,1,0.0,68195.2559191899,25219.6277667814,56786.5081371763,300,0,0,45,0,388,0.0
1.0,1.0,0,0.0,77191.6974468711,5315.16353038104,155676.074823897,240,0,0,26,0,628,1.0
0.0,1.0,2,1.0,51813.8305180855,8462.57970193032,158718.379388415,120,0,1,42,0,367,0.0
1.0,1.0,1,1.0,23902.3579867096,17830.5316225865,182668.419189794,60,0,2,32,0,397,1.0
0.0,1.0,2,,66875.7576309977,15926.2758794892,233152.112979805,360,1,2,21,1,660,1.0
1.0,1.0,1,1.0,56998.8882593494,15342.7181420022,144306.169613212,300,1,2,44,1,754,1.0
1.0,1.0,0,1.0,90647.3544935623,10473.0985149046,121822.340937564,60,1,0,37,1,833,0.0
1.0,1.0,0,1.0,54520.1383634139,24435.9777627294,173830.67535099,120,0,2,34,0,622,1.0
1.0,1.0,0,1.0,81412.2111995837,28781.4268049761,74146.3481547183,120,0,1,37,0,422,0.0
1.0,0.0,0,1.0,76606.7163308849,6199.88018309236,69669.8632320997,60,1,1,25,1,678,0.0
1.0,1.0,0,1.0,43936.4209863931,14845.2835927326,114817.181134245,360,0,2,33,0,436,
1.0,1.0,0,1.0,50804.7076833904,17478.4628190182,128650.981424661,120,1,0,37,1,844,1.0
1.0,0.0,1,,53304.4933578691,33520.4004481367,38582.8780025109,120,0,2,32,0,525,0.0
0.0,1.0,1,0.0,69146.4856217353,0.0,80612.3459499281,300,0,1,48,0,631,0.0
1.0,1.0,1,1.0,63209.7924794696,28048.3476331932,152523.552684173,240,0,0,40,0,469,0.0
0.0,0.0,2,1.0,56921.8954605062,24078.5238490987,287155.643623187,60,1,0,36,1,658,0.0
1.0,1.0,0,0.0,52983.0113984705,23549.039226364,77141.3650789521,120,0,2,31,0,339,0.0
0.0,1.0,1,1.0,58337.8885474261,25152.208918143,112815.00415474,180,1,2,43,1,674,0.0
0.0,0.0,0,1.0,61939.9192998543,27334.0607635266,181138.456261377,240,0,2,37,0,560,0.0
1.0,1.0,1,1.0,36644.4089746413,12128.9049513765,173659.829161261,60,1,1,33,1,788,0.0
0.0,1.0,1,1.0,44213.2298856065,19726.3976299001,224406.73136201,240,0,2,48,0,525,0.0
1.0,1.0,2,1.0,69333.4196393216,5615.32894258915,185024.853157908,120,0,2,54,0,423,1.0
1.0,1.0,0,0.0,44644.0486979174,16090.8297034983,218613.945672328,180,0,2,38,0,337,1.0
1.0,0.0,3,1.0,79000.3165733929,33961.2327625434,135935.317366521,240,0,0,33,0,627,1.0
0.0,1.0,0,0.0,75280.5956314572,39015.8366103035,179342.576939243,180,1,1,31,1,782,0.0
1.0,1.0,2,1.0,39993.3735078885,25316.5377457517,185795.52080644,240,0,2,32,0,475,1.0
0.0,1.0,2,1.0,57705.271170662,5607.58459317993,155140.712157753,120,0,1,30,0,389,0.0
0.0,0.0,2,0.0,58728.5292162775,19301.4297431537,93183.1888422004,240,0,0,43,0,336,1.0
1.0,0.0,1,1.0,23076.2427552381,18959.1422095804,94626.9295686154,60,0,2,30,0,615,0.0
0.0,1.0,2,1.0,25796.6321468674,25863.8071120583,139357.005862181,300,1,1,31,1,825,0.0
1.0,,2,1.0,15000.0,35512.4694326946,173652.2636419,360,0,2,31,0,583,0.0
1.0,1.0,0,1.0,61356.7702783387,12966.8171458249,261574.816760123,120,1,1,45,1,846,0.0
0.0,1.0,1,1.0,50501.9268675495,9030.06411579067,115567.504568161,60,1,2,38,1,730,
1.0,0.0,3,0.0,71259.3847338114,1299.7337263557,101029.213089242,60,0,2,37,0,413,0.0
1.0,,1,1.0,54016.3645514513,9782.33342700928,176033.888354003,300,1,1,34,1,689,
,0.0,0,0.0,97132.9487312391,23964.9967020016,79554.8047787297,60,1,0,45,1,694,1.0
1.0,0.0,0,1.0,48417.517807285,15415.4184056389,157093.902131424,240,0,0,38,0,523,0.0
1.0,0.0,1,1.0,32603.9404084184,31875.4805523679,158470.153745603,60,1,1,30,1,711,0.0
1.0,1.0,0,1.0,78307.8055112032,19872.1819463042,113521.35333898,180,1,0,43,1,742,
1.0,1.0,0,1.0,59598.0249646069,9097.78033694365,225416.804902886,120,0,1,38,0,414,0.0
1.0,1.0,1,1.0,18284.1512218999,22496.9802144486,186017.874919675,120,1,2,36,1,835,0.0
1.0,1.0,0,1.0,57703.9550248187,9053.27012837831,87090.1354986537,60,1,2,36,1,716,1.0
1.0,1.0,2,1.0,95363.3858611956,23255.5707486956,143243.499646214,120,0,2,33,0,355,0.0
1.0,0.0,1,1.0,76409.6436239472,25108.3973502031,199100.549306079,360,1,2,29,1,689,0.0
0.0,1.0,1,1.0,73308.3364738355,5668.80911313858,165365.467686816,360,1,2,35,1,747,0.0
0.0,1.0,1,1.0,27092.0250608621,1605.10633471341,181595.01695789,180,0,1,38,0,339,0.0
1.0,1.0,1,1.0,83588.8024144257,5971.910730372,115209.519468691,300,1,0,49,1,740,1.0
0.0,1.0,2,0.0,47744.2261903122,14884.8491192335,140473.740518998,360,1,2,37,1,682,0.0
1.0,1.0,1,1.0,79372.8998106577,15935.234964386,84467.7107847813,360,0,0,36,0,561,1.0
0.0,1.0,0,1.0,92146.9115203998,14420.3600033169,191702.772592468,240,1,0,38,1,796,1.0
1.0,1.0,3,1.0,44716.264267243,19021.9782491235,83233.8730622247,360,1,0,22,1,729,1.0
1.0,1.0,0,1.0,43338.8788599848,14703.1120971402,118648.174542507,60,1,2,30,1,817,0.0
1.0,1.0,2,1.0,66928.9641899395,6162.80859308937,136857.97502688,300,0,1,43,0,391,0.0
0.0,1.0,0,1.0,69507.3122138402,17426.0281305494,147822.716396055,180,0,2,35,0,358,0.0
0.0,1.0,0,1.0,72174.7117824883,20849.5349308644,193102.879527327,360,0,2,42,0,358,
,0.0,1,1.0,54821.9005259184,13039.0678932306,190199.324794525,180,1,0,36,1,697,
0.0,1.0,1,1.0,40083.6921041954,27304.6004775997,113870.160929926,360,0,2,33,0,468,0.0
0.0,1.0,1,1.0,30424.4575230742,15405.2294231701,166929.721655793,180,1,2,34,1,662,0.0
1.0,0.0,1,0.0,80011.6463608595,4993.70627516759,142435.048011514,180,0,1,27,0,344,
0.0,1.0,0,0.0,63794.1233522079,16076.9944910661,93494.1683815525,180,0,2,38,0,644,1.0
0.0,1.0,1,1.0,45841.7811865184,15439.0053312338,116667.740352101,180,0,2,40,0,480,1.0
1.0,1.0,2,1.0,48857.3885485553,15567.0664883926,144424.05517471,360,1,1,28,1,819,0.0
0.0,0.0,1,1.0,55687.8084286395,4268.0972593295,49539.2327987219,180,0,2,39,0,490,0.0
0.0,1.0,0,1.0,61867.447485533,8858.56468752815,201819.295429351,60,1,0,40,1,804,1.0
1.0,1.0,0,0.0,61572.7038063218,42107.9429904053,227919.200594039,300,1,2,39,1,815,1.0
1.0,1.0,1,1.0,79937.1754693161,5130.57263498443,162521.514150052,300,1,2,36,1,837,1.0
0.0,1.0,0,1.0,62316.4917445389,9118.9140107569,146046.749025631,120,0,2,35,0,306,0.0
,1.0,0,1.0,67227.9121101682,20764.5134512242,185239.472121949,60,1,0,43,1,782,0.0
1.0,1.0,1,1.0,16435.7736053713,27700.8802525489,135846.046320087,240,1,2,34,1,694,0.0
1.0,1.0,0,1.0,64009.1926282745,15035.8260183278,170967.093623081,120,1,0,31,1,707,0.0
1.0,1.0,3,1.0,79577.1610156359,37106.8972601576,120161.376181619,180,1,1,35,1,680,0.0
1.0,0.0,0,0.0,34106.3704855818,11156.1262340707,269922.464279403,240,1,1,29,0,672,0.0
1.0,1.0,0,1.0,40432.5444476993,6161.3110485927,178529.235005993,360,0,2,35,0,459,0.0
0.0,0.0,1,1.0,72461.7469577819,891.977149090407,90619.9441311326,120,0,2,42,0,457,0.0
0.0,1.0,2,1.0,89312.975378431,17494.5094593007,120183.765545403,120,1,2,27,1,688,1.0
1.0,0.0,0,1.0,15000.0,0.0,126546.469102809,360,1,1,41,1,808,
1.0,0.0,0,0.0,40031.1829424656,1706.40941065936,192715.866958689,60,0,0,33,0,381,0.0
0.0,1.0,0,1.0,46274.4172848983,2705.04842291912,165330.989349096,180,0,0,44,0,557,1.0
0.0,0.0,0,1.0,35260.9857824383,15636.4906149651,203667.008843177,300,0,1,35,0,505,1.0
1.0,0.0,3,1.0,51763.5326207268,29336.3360881787,193599.673271343,360,0,1,29,0,376,0.0
0.0,1.0,0,1.0,43807.929601567,26706.6162931766,192731.365527535,120,1,0,45,1,661,0.0
0.0,0.0,3,0.0,49612.0725634774,18247.8159411011,130436.614254622,240,1,1,44,0,688,1.0
,1.0,0,0.0,42864.5581234641,8097.23766762795,88152.3370778577,300,1,1,29,1,843,0.0
1.0,1.0,1,1.0,35277.2840793907,8967.03151221845,154082.235450912,120,0,2,28,0,523,0.0
0.0,1.0,2,1.0,71071.3906213558,0.0,71978.3266097484,60,0,2,47,0,312,0.0
0.0,0.0,1,1.0,77907.1086152519,3124.46833224959,41954.3698616639,180,1,0,29,1,695,0.0
1.0,0.0,0,1.0,68390.6488781405,16954.0322128332,100190.5377202,60,1,2,32,1,804,0.0
1.0,1.0,0,1.0,73666.5798562213,2911.41135379278,58221.4761564562,120,0,2,29,0,412,0.0
1.0,1.0,0,0.0,64281.874882604,8262.09894340523,163043.308736098,360,1,2,38,1,666,0.0
0.0,0.0,0,0.0,59074.7756546731,28295.3424397052,100951.454073696,120,1,2,39,1,753,0.0
0.0,0.0,0,1.0,74433.4412808647,11847.3366608374,173934.059032546,300,1,2,21,1,747,0.0
1.0,1.0,0,1.0,25085.8513428069,9775.8527162249,61398.6085787978,120,0,1,22,0,487,1.0
1.0,0.0,2,1.0,79278.1386815172,0.0,137784.148068017,120,1,2,30,1,841,1.0
1.0,0.0,1,1.0,72246.6442800502,27322.0423741391,138930.087090745,240,1,2,46,1,737,1.0
1.0,0.0,0,0.0,80470.6128837069,17589.3042822568,179253.510122918,60,0,2,21,0,462,0.0
1.0,0.0,0,,106873.081056252,7303.33590988611,183369.155157028,60,0,1,32,0,625,0.0
1.0,0.0,2,0.0,51472.8480758891,1870.31470052727,57812.3520603685,360,1,1,32,0,807,1.0
1.0,0.0,1,1.0,98468.915896499,5190.5327298663,163725.699374664,180,1,2,26,1,848,1.0
1.0,,0,1.0,56983.245768666,11244.910193605,74746.4062873098,300,0,2,35,0,373,1.0
1.0,1.0,0,1.0,111439.906349899,14916.3921272854,182693.225232118,60,1,1,31,1,712,1.0
0.0,1.0,0,1.0,15000.0,14821.3784511226,131514.165762035,180,0,1,31,0,359,0.0
1.0,1.0,1,1.0,65401.1471678284,29929.5262275382,182264.847921552,360,0,1,43,0,634,1.0
0.0,1.0,1,1.0,50904.1056524461,7468.8266937942,119408.559163004,300,0,1,34,0,521,0.0
0.0,0.0,0,1.0,32379.1079369245,9054.96304050992,141774.273410191,240,0,2,39,0,336,0.0
1.0,1.0,2,1.0,62107.5101229192,16580.9389857678,106739.547307387,60,0,2,37,0,577,0.0
1.0,0.0,1,1.0,58596.685770827,4010.83745271806,101178.72301342,240,0,1,38,0,495,1.0
1.0,0.0,0,1.0,48046.6463349028,0.0,82422.6272867883,60,1,2,34,1,797,0.0
0.0,,0,1.0,47414.7321261442,23775.4755345142,86503.8456336226,180,0,2,28,0,541,0.0
0.0,1.0,0,1.0,48833.9649210793,6747.08039169135,178576.534845037,240,0,1,40,0,623,1.0
,1.0,0,1.0,23937.206474881,13394.403904982,187318.662091268,360,0,2,36,0,518,0.0
1.0,1.0,0,1.0,31198.9823481141,0.0,195038.756589527,180,0,2,34,0,491,0.0
0.0,1.0,1,1.0,47371.2594503363,15283.2026367776,177149.260119555,360,1,2,41,1,666,0.0
1.0,,0,1.0,60818.3835079144,0.0,138200.995056652,60,0,2,34,0,311,1.0
1.0,1.0,1,1.0,58969.541429507,18496.1533102838,50673.6429011238,300,0,1,37,0,492,1.0
1.0,0.0,1,1.0,20958.2440095499,8838.56541951056,180339.751252981,60,1,2,35,1,671,
1.0,1.0,3,1.0,58684.9947785402,4253.38960567136,38516.1679635009,60,0,2,37,0,419,0.0
0.0,1.0,0,1.0,43072.8056022605,22367.6334516789,198666.872480671,120,0,2,43,0,509,1.0
0.0,1.0,1,1.0,44892.3413529335,20182.1895044541,110185.490550395,240,0,2,43,0,605,0.0
0.0,1.0,1,1.0,46819.2145022271,13170.9843257607,233832.540138068,300,0,2,33,0,569,1.0
1.0,0.0,1,0.0,54926.4784491523,0.0,129155.01819403,300,1,0,38,1,841,0.0
1.0,0.0,1,1.0,56634.8173102491,28071.3542315071,110241.249379308,360,0,1,38,0,474,0.0
0.0,1.0,1,0.0,52240.7006218509,40802.9189869077,156580.768663637,180,0,1,50,0,584,0.0
1.0,1.0,0,1.0,54422.3321169848,18808.2641834525,75475.3567131553,300,0,1,45,0,503,0.0
0.0,0.0,2,1.0,72082.4177917703,11882.1442674397,138871.746461429,180,1,2,47,1,813,0.0
1.0,1.0,0,1.0,96629.175317087,8353.48902497937,111231.048516369,300,1,2,28,1,829,0.0
,1.0,0,1.0,44960.6133652236,26935.8653547626,172810.165957587,240,0,1,25,0,306,0.0
0.0,1.0,0,0.0,56262.0768367603,18327.6047863701,187704.290251924,60,0,2,29,0,328,0.0
1.0,1.0,0,1.0,29642.5250663838,16501.356539562,85582.4290397979,120,1,2,39,1,788,0.0
1.0,0.0,1,1.0,94082.1103251098,1338.01662331082,172614.499628545,360,1,0,41,1,682,1.0
1.0,0.0,3,1.0,92648.2260786327,15733.3674477813,119764.056668226,360,1,1,38,1,783,0.0
0.0,0.0,1,1.0,80070.6579578404,25972.2019160643,133148.681265931,240,1,2,27,1,760,
1.0,1.0,0,0.0,66881.0784312693,27724.8333084875,178148.959095242,300,1,1,28,1,728,1.0
0.0,1.0,1,1.0,,2898.39056585842,106420.476446578,120,0,2,31,0,357,0.0
1.0,1.0,1,1.0,53135.8814631392,20136.0929441522,210997.159961641,120,1,2,56,1,675,0.0
1.0,0.0,1,0.0,74259.9686034477,16433.06305,229344.982851654,240,1,2,31,1,823,0.0
0.0,1.0,1,1.0,15000.0,11483.3981616578,130266.014566974,120,1,1,53,1,678,0.0
1.0,0.0,2,0.0,83196.7993277668,19500.5467118514,231805.255529816,360,0,2,33,0,303,1.0
1.0,1.0,1,1.0,59614.7924053121,19187.0457829236,195055.589053108,360,0,2,34,0,398,0.0
1.0,0.0,2,1.0,58747.2084534553,6417.83968228373,205945.613585358,180,1,0,24,1,790,1.0
0.0,1.0,1,1.0,37166.2177173299,32448.6140662349,138113.831332644,240,1,2,39,1,688,0.0
1.0,1.0,0,1.0,41551.7963100299,12100.1864556336,148432.942366513,60,1,2,40,1,664,1.0
1.0,0.0,2,0.0,56500.8048660918,10433.0238497675,122804.497324337,180,0,0,31,0,584,1.0
1.0,1.0,2,0.0,73801.4735267322,14958.5741505584,170021.599692814,240,1,0,30,1,806,1.0
1.0,1.0,2,1.0,79635.3097398319,6455.06537261945,72770.0136547188,300,0,1,26,0,374,1.0
1.0,1.0,2,1.0,82555.6050126779,6453.75358244934,207666.388169844,60,1,1,33,1,765,1.0
1.0,0.0,2,1.0,71037.719436443,14129.8477668186,167683.968794552,120,0,1,21,0,587,0.0
1.0,1.0,2,0.0,59259.2640590317,4811.30042933264,122961.832251138,240,0,1,55,0,429,0.0
1.0,0.0,1,1.0,60648.1402668027,20382.1160549225,106461.681177963,240,1,2,28,1,824,0.0
0.0,1.0,2,1.0,70018.3437524876,31923.465724632,174287.357372773,240,1,2,39,1,733,0.0
1.0,1.0,0,1.0,68196.3731385702,7382.39629317354,176079.758017625,240,1,1,32,1,671,0.0
1.0,1.0,0,0.0,37024.1192968268,22814.9723946063,96159.1513186472,120,0,2,37,0,326,0.0
,0.0,3,1.0,82531.3005909551,11555.2279124754,81689.4204548886,300,0,2,43,0,494,0.0
1.0,0.0,1,1.0,67350.208210812,11096.0553288285,170202.458326648,240,1,2,36,1,730,0.0
1.0,0.0,3,1.0,15663.6232129187,10953.0414313667,159572.10236723,360,1,2,53,1,775,0.0
1.0,0.0,2,1.0,55589.2354168692,19058.5026669289,154007.988024377,180,1,0,38,1,833,0.0
1.0,0.0,1,1.0,58841.8450024618,20546.387081318,193592.228493704,300,0,2,46,0,391,0.0
0.0,0.0,0,1.0,83753.5877692312,24022.7139994345,223570.017408326,240,1,2,39,1,670,0.0
1.0,1.0,0,1.0,60680.1619245629,4997.29477223211,104428.628123101,360,0,2,37,0,602,0.0
1.0,1.0,2,0.0,44600.5353788271,15150.2775028709,141561.403028104,60,1,1,39,1,750,1.0
1.0,1.0,0,1.0,87726.9879452568,25440.2512944238,65725.3803565711,120,0,2,32,0,383,0.0
0.0,1.0,0,1.0,32091.0299048985,17900.8789963543,152442.419660474,300,0,2,35,0,561,
,0.0,1,1.0,28351.4405195272,25929.5911089666,172733.637047129,120,1,1,47,1,796,0.0
0.0,0.0,2,1.0,54335.6392210953,17452.3584789423,138958.275398145,300,0,0,25,0,556,0.0
0.0,1.0,2,1.0,60970.4325588965,2767.7976993807,73719.2534977378,120,0,2,46,0,357,1.0
1.0,1.0,0,1.0,61167.4058163579,0.0,213417.930574803,60,0,0,39,0,314,1.0
1.0,1.0,0,0.0,94063.4521983607,17377.3172790598,179873.646694838,300,0,2,45,0,461,1.0
0.0,1.0,1,0.0,80619.990449919,18412.1584249203,141583.11828814,120,0,1,36,0,462,0.0
1.0,1.0,1,1.0,37139.6137585254,4727.48112494871,105458.41599346,60,1,1,30,1,713,1.0
1.0,1.0,2,1.0,86626.781239768,907.842019754865,163679.728663083,360,0,0,44,0,580,
1.0,1.0,2,1.0,46637.1390334446,9626.374106866,125436.848616933,120,1,2,34,1,673,0.0
0.0,1.0,0,1.0,46415.3869361409,18105.396379142,184414.255424411,180,1,2,56,1,661,0.0
1.0,1.0,1,1.0,77807.6632703957,25313.8052527733,103245.858178622,180,1,1,38,1,667,0.0
1.0,0.0,1,1.0,68989.4782566461,5469.5953663515,140185.319112711,180,1,2,43,1,664,0.0
1.0,1.0,1,1.0,27850.3353087754,14834.3159017747,168368.017457374,120,1,2,42,1,676,0.0
1.0,1.0,3,0.0,39482.6378806104,19868.4206896749,103844.040788173,360,1,1,21,1,721,0.0
1.0,0.0,2,1.0,95917.5534619104,17567.5079866178,,180,0,2,25,0,359,1.0
0.0,1.0,0,1.0,25737.3094181824,16168.3017417218,239227.944442679,60,1,2,48,1,823,0.0
0.0,1.0,0,1.0,47546.0096035881,11849.1807209107,119372.454882296,120,1,0,41,1,794,0.0
0.0,1.0,0,0.0,38157.1681314253,16829.1456362025,251802.141642005,360,1,2,37,1,742,0.0
0.0,,0,0.0,26902.251275434,12746.485149558,67302.0220191842,360,0,1,33,0,608,
1.0,1.0,1,1.0,80636.8907893727,760.418878023931,177707.146325637,240,1,2,40,1,657,0.0
1.0,1.0,0,1.0,40132.8260083609,13848.1167122352,112364.037904846,300,0,0,30,0,378,0.0
1.0,0.0,1,1.0,47234.3454694301,22531.8994973254,163546.067135372,180,1,0,39,1,676,0.0
1.0,1.0,2,1.0,50410.1406520151,8155.59597913817,226913.282045601,180,1,2,33,1,823,0.0
0.0,1.0,0,0.0,47220.7650462099,6233.02914380707,104689.093690365,60,0,2,22,0,349,0.0
0.0,0.0,0,0.0,72809.5959040164,13546.5057768611,112580.840965448,360,1,0,39,1,848,0.0
1.0,1.0,2,1.0,44359.9301497792,752.343462785105,109809.840995145,240,0,1,32,0,648,0.0
1.0,1.0,0,1.0,68719.5077900009,21235.2579882585,165433.76470278,180,1,2,28,1,841,
0.0,1.0,0,1.0,69720.7257883527,12973.9422708192,211830.987107148,180,0,2,37,0,480,
0.0,1.0,0,0.0,71586.9351951355,11600.1627764848,229185.877281976,240,1,2,40,1,673,0.0
0.0,1.0,0,0.0,61768.1377258369,6996.64593834696,93854.9421961583,300,0,2,43,0,615,0.0
1.0,1.0,2,0.0,63445.0877282207,20477.3897873756,119558.841878831,120,1,0,26,1,771,1.0
1.0,1.0,0,0.0,33082.5815305357,9620.21471178044,146104.597683434,240,1,2,31,1,780,1.0
1.0,1.0,1,1.0,51265.605279188,29854.7736927254,151697.844258258,180,1,2,29,1,797,0.0
0.0,1.0,0,1.0,34719.8766410527,12218.8013563366,151350.527715095,300,1,0,48,1,695,0.0
0.0,1.0,3,1.0,44539.8043228906,10731.9580506474,183494.224510787,360,0,1,39,0,314,0.0
1.0,0.0,0,0.0,69913.637759452,5512.51304731999,141687.896383958,360,1,2,36,1,802,0.0
1.0,0.0,0,0.0,15591.5798212974,18820.3370571601,157783.769384419,120,0,2,40,0,521,1.0
1.0,1.0,0,1.0,76542.3085713153,636.475429608393,80971.4491276501,360,0,2,33,0,505,
1.0,1.0,1,1.0,88244.4111083085,15893.9527893161,130028.760950699,180,1,2,21,1,848,0.0
1.0,0.0,1,1.0,43038.6880393898,12152.0444335256,164746.736755506,180,1,0,39,1,666,0.0
1.0,1.0,1,0.0,71836.2826748275,33325.6124035601,99001.5640616155,300,1,2,27,1,775,0.0
1.0,1.0,1,0.0,38403.1510443702,11299.7753416275,240783.872754015,300,1,1,28,0,733,
1.0,1.0,0,0.0,38578.926407019,14136.6214175327,195411.126204586,120,1,0,38,1,658,0.0
1.0,1.0,2,1.0,56336.9905789341,15658.9160860224,205154.163914668,120,1,1,21,1,815,0.0
1.0,1.0,2,0.0,40605.1256073065,15551.7063787146,287661.47554016,180,1,2,24,0,825,1.0
1.0,1.0,1,1.0,65336.367925908,932.80567440442,186203.752537215,60,0,2,26,0,618,1.0
0.0,1.0,0,1.0,33178.7057339686,25071.1782341237,97891.2596450777,300,1,0,29,1,766,1.0
1.0,1.0,0,1.0,85421.3065201406,11435.7287947492,23599.7705489754,360,1,1,28,1,779,0.0
0.0,1.0,0,1.0,61986.6461085845,0.0,194422.346517927,240,1,2,45,1,737,0.0
0.0,1.0,1,1.0,22199.7965763411,19338.3524008887,124198.673413913,240,1,0,30,1,721,1.0
1.0,1.0,0,1.0,38157.5759930286,18306.132610904,164465.231793688,180,1,2,35,1,788,1.0
1.0,1.0,1,1.0,59951.9231816229,7025.61882929901,130362.052379159,60,1,1,35,1,713,1.0
0.0,1.0,3,1.0,76508.3269797606,2604.11987474971,108070.967025924,60,1,1,21,1,721,0.0
1.0,1.0,0,1.0,70425.5981002762,3347.98000034711,155033.775154946,360,0,0,46,0,576,
0.0,1.0,0,1.0,64899.3314221744,13563.4047010288,113583.536578912,120,0,1,51,0,573,0.0
1.0,1.0,1,1.0,53959.0900102027,16025.4143981752,178828.056025449,240,1,2,28,1,713,0.0
0.0,1.0,2,1.0,52589.8380281994,0.0,201434.935794495,360,0,2,32,0,637,
0.0,1.0,0,1.0,68984.3744257006,25716.8037389058,187016.671127824,360,1,1,41,1,759,0.0
0.0,1.0,1,1.0,63937.2247173824,23173.0620373832,96476.5878489964,120,1,1,42,1,744,0.0
0.0,1.0,1,1.0,52509.3169849949,15217.1301848484,94361.7960839472,360,0,1,32,0,465,0.0
1.0,1.0,0,1.0,45693.9258148006,23293.2377258286,198345.870053773,240,1,1,37,1,681,1.0
1.0,0.0,2,0.0,35484.6867399531,0.0,243137.984319014,300,1,0,34,0,660,0.0
1.0,0.0,2,1.0,69653.7577441842,4446.7584140754,216747.336419182,300,1,1,26,1,694,
0.0,1.0,1,1.0,61361.4453849724,13013.3086617709,151042.074106888,300,0,0,31,0,516,0.0
1.0,1.0,1,1.0,50446.8510646976,3222.38542008642,,360,1,2,42,1,682,
1.0,1.0,1,1.0,70300.9537261209,14367.2604010308,214916.72448877,120,1,2,36,1,751,0.0
0.0,1.0,0,0.0,50693.7908643989,13253.5205431837,112340.554360576,120,0,0,39,0,566,1.0
1.0,1.0,0,,68860.0426089475,9685.88598861575,239022.63756462,60,1,0,31,1,828,0.0
1.0,0.0,0,0.0,90654.7782600515,26247.7671998581,198424.940131243,300,0,2,41,0,387,1.0
1.0,0.0,0,0.0,35651.9241300609,23380.1405453631,189262.767978577,60,1,1,35,1,690,1.0
1.0,1.0,2,0.0,45831.8646617907,7040.29626149501,272089.429266488,240,1,2,34,0,794,1.0
0.0,1.0,1,1.0,36040.6714156547,0.0,152773.995938269,240,0,0,50,0,375,0.0
1.0,1.0,0,0.0,57370.5480865666,16576.3455844094,162317.397647424,360,0,0,47,0,345,0.0
1.0,0.0,2,0.0,92715.9561227163,16951.6204714181,157543.381425578,360,1,2,42,1,809,0.0
1.0,1.0,0,0.0,74307.6263088248,13178.3941614207,164361.017258763,300,1,1,35,1,729,1.0
1.0,1.0,1,1.0,69251.825857079,26356.2058549147,163762.434378418,180,0,1,48,0,609,1.0
1.0,0.0,3,,45012.8462115444,3869.35898812822,75587.0893588483,180,0,2,39,0,385,0.0
1.0,0.0,3,0.0,31873.6507265633,11138.8722391385,265384.411386772,300,1,1,30,0,741,0.0
1.0,0.0,0,1.0,69012.0682572507,30323.8038258762,180521.999965842,180,1,0,22,1,797,0.0
1.0,0.0,1,1.0,68328.920762029,0.0,54206.5486845775,120,0,2,44,0,460,
0.0,1.0,0,0.0,61791.6136251049,10396.9323742563,141309.257476531,180,1,2,40,1,817,0.0
0.0,0.0,0,,22127.7066609242,27778.5665503051,274032.545875607,240,1,1,35,0,809,
1.0,0.0,3,1.0,66229.8171759558,12894.65059647,173955.956389138,120,0,1,44,0,541,0.0
1.0,0.0,0,1.0,106386.590799633,4452.9554503408,134537.804618363,60,1,2,30,1,746,0.0
0.0,1.0,2,1.0,63896.8468054027,4041.60836996042,125978.989029825,240,1,2,48,1,651,0.0
0.0,1.0,3,1.0,58809.492878764,22732.3998666576,145533.206726447,180,1,0,43,1,682,0.0
1.0,1.0,0,1.0,60032.3806271388,6736.34714734131,151813.964631916,300,1,2,37,1,807,0.0
1.0,1.0,1,0.0,70725.8181903438,4055.05639165103,173002.269544177,180,0,2,35,0,376,0.0
1.0,0.0,0,1.0,68543.8872374337,11733.5243681138,206852.943002276,240,0,2,29,0,415,0.0
1.0,1.0,0,1.0,80189.4357719193,7821.46785645964,101597.510222515,300,0,0,39,0,453,1.0
0.0,1.0,2,0.0,49964.3161437693,33480.4019177085,96681.846230759,60,1,1,40,1,799,0.0
0.0,1.0,0,0.0,81309.607501307,9563.93103906947,213176.950539825,180,0,2,30,0,402,0.0
0.0,1.0,1,1.0,38089.6122230887,13728.0061601755,150860.979136528,180,1,2,26,1,843,0.0
1.0,1.0,1,0.0,29377.8499488855,21134.6016567183,128608.289214106,60,1,0,47,1,815,0.0
1.0,0.0,0,0.0,53410.2139956402,16119.8193262125,134661.365766818,120,0,0,42,0,389,1.0
0.0,0.0,0,1.0,64655.7348588032,11828.9716742603,20000.0,180,1,0,58,1,823,0.0
1.0,0.0,2,1.0,,13901.3587689806,147420.937139221,180,1,2,27,1,771,0.0
1.0,0.0,2,0.0,76387.4653627881,27373.6979356359,101117.658142259,60,0,2,32,0,442,0.0
0.0,1.0,3,0.0,47717.5486998336,12488.8216535755,130645.787776253,60,1,1,42,1,755,0.0
1.0,1.0,0,1.0,83403.974183932,10754.0183397785,84357.9863453637,240,0,2,24,0,604,0.0
0.0,1.0,2,1.0,65581.6771669037,2534.38033840573,202226.321490907,60,0,2,39,0,616,1.0
0.0,1.0,1,1.0,66646.2802395918,18645.6147735545,225603.397457072,240,0,0,32,0,422,0.0
1.0,0.0,2,1.0,84756.3262394692,661.941760715855,124941.143152348,300,0,0,39,0,308,0.0
1.0,0.0,1,1.0,47245.2003149736,40299.2774925195,71339.3530219146,180,1,1,37,1,655,0.0
1.0,0.0,0,0.0,32946.5942831293,17569.9744558583,160875.674796939,240,0,2,39,0,372,0.0
1.0,1.0,2,0.0,61639.7762764943,8883.06878298201,117842.300139944,120,0,1,41,0,522,0.0
1.0,1.0,0,1.0,60788.9409648147,4248.96951883244,82115.0636566224,360,0,0,42,0,340,1.0
0.0,1.0,0,1.0,76465.5983135541,18252.5949822958,132222.666440464,120,1,2,42,1,763,0.0
,1.0,1,1.0,58265.9772770358,1852.51139689577,107284.517479281,360,1,0,44,1,657,0.0
1.0,,1,1.0,71065.0243996956,16263.1251458699,159466.701809008,300,0,2,32,0,627,1.0
0.0,0.0,1,1.0,85274.1335530933,18070.3923725182,102001.374042797,240,1,2,39,1,827,0.0
1.0,1.0,2,0.0,51838.4925395689,22072.3137380427,128258.969356694,180,0,1,30,0,647,0.0
1.0,1.0,1,1.0,47170.3680955409,18247.5823953354,103149.650937694,360,1,1,31,1,711,0.0
1.0,0.0,3,1.0,56322.9221368158,14357.9620504728,101937.425627446,300,1,2,42,1,733,0.0
0.0,1.0,3,0.0,17585.9969472986,11287.426293296,199823.130770649,360,1,0,44,1,711,0.0
1.0,1.0,0,1.0,51783.7142409083,22250.810444475,183688.441716813,120,0,1,26,0,410,1.0
0.0,1.0,0,1.0,73027.8250261159,1954.10556199527,211532.2902089,360,1,0,35,1,776,
0.0,1.0,0,1.0,58868.230222002,35355.3145671959,38521.2212944061,300,1,2,34,1,656,0.0
1.0,1.0,1,1.0,54048.7299328001,0.0,151678.38240345,180,0,1,47,0,383,1.0
0.0,1.0,2,1.0,58369.546537967,22927.1101773366,,180,1,2,43,1,781,1.0
0.0,0.0,1,1.0,83455.1369053488,7335.33568980212,103764.405979941,120,0,0,35,0,613,0.0
0.0,1.0,2,1.0,40492.679454435,24330.6660572098,149206.704077324,60,0,2,29,0,321,0.0
1.0,1.0,2,0.0,47097.6049078975,10026.456285859,224141.643319295,240,1,2,38,0,803,1.0
1.0,1.0,2,0.0,67528.1905219503,0.0,41947.2001325364,60,0,1,44,0,302,0.0
1.0,1.0,0,1.0,45436.5619806036,11528.3851758155,157160.654160306,120,0,2,32,0,426,0.0
1.0,1.0,3,0.0,71412.2599443906,40054.4890535689,208644.713931573,60,0,1,30,0,596,0.0
1.0,1.0,0,1.0,37382.2312934816,10542.4254020315,,360,0,1,36,0,487,0.0
1.0,,2,1.0,32550.6890423179,24907.1084662408,146652.055484237,240,0,2,38,0,313,1.0
0.0,0.0,1,,63996.2086743742,12767.2841156669,176782.01125083,180,0,1,27,0,311,1.0
0.0,0.0,1,0.0,96763.6735359024,16664.9312711512,168819.428094459,120,0,2,33,0,386,0.0
0.0,1.0,1,0.0,53950.6062702374,0.0,119989.788770718,60,0,1,46,0,311,0.0
0.0,1.0,0,1.0,47061.2644458885,12662.7594214827,104005.091477692,180,1,1,40,1,790,1.0
1.0,1.0,1,1.0,48525.9999212284,0.0,200647.144233489,300,1,1,45,1,674,0.0
1.0,1.0,1,1.0,92244.4125651084,16551.5534286535,164395.9810623,300,1,0,24,1,694,1.0
1.0,1.0,2,1.0,59247.305951503,0.0,157969.659888811,180,1,1,46,1,771,
1.0,1.0,0,1.0,92245.5651597729,927.065565075974,185916.577159712,240,0,1,46,0,446,1.0
0.0,1.0,0,0.0,87869.0905504886,10565.7058176496,,240,0,1,34,0,354,0.0
0.0,1.0,3,1.0,41611.5153153239,6978.0059196482,130850.039275827,360,0,2,40,0,537,1.0
1.0,1.0,0,1.0,111201.690765375,17972.2722158508,120662.761963499,120,1,2,39,1,749,1.0
0.0,1.0,1,1.0,64645.07394322,6292.72228356258,93791.7007619033,300,0,2,32,0,472,0.0
0.0,,0,1.0,73939.0880902147,121.382965093769,147452.886046829,300,1,2,30,1,785,0.0
0.0,0.0,1,1.0,78369.0888788482,31976.2377970934,104084.193133579,120,0,2,32,0,520,0.0
1.0,0.0,0,1.0,55209.961559565,4654.02040393345,191705.028595503,60,0,1,21,0,418,0.0
1.0,1.0,1,0.0,50574.7251859496,16914.5071595735,181847.626999743,180,1,1,41,1,702,0.0
1.0,1.0,2,1.0,37223.3376443846,10104.2935296932,130008.865820226,60,0,2,31,0,482,0.0
1.0,0.0,2,,42043.3986714874,36173.2414437095,241167.948101823,360,0,2,21,0,587,0.0
,1.0,1,1.0,68004.7171105355,21785.4965462105,210040.040971422,240,1,2,42,1,700,0.0
0.0,0.0,1,1.0,67228.346345462,11568.0843131328,243095.743907508,240,1,2,32,1,693,0.0
0.0,1.0,1,1.0,55504.6919621463,29194.5568079783,121234.56957991,180,0,1,41,0,381,1.0
0.0,1.0,2,0.0,74317.4548938191,40727.5238924447,147282.957948167,240,0,1,52,0,510,1.0
1.0,1.0,1,1.0,77153.1924640403,1462.45325290241,31548.7844209374,360,0,1,48,0,449,0.0
0.0,0.0,0,1.0,42966.7565133121,3703.32540689463,213980.705958887,60,0,2,41,0,336,0.0
1.0,1.0,0,0.0,63159.486245029,20501.2848121788,138370.038078225,180,0,2,34,0,611,0.0
1.0,1.0,0,1.0,103265.094466109,6094.31189408985,152113.153248248,300,0,2,38,0,358,0.0
0.0,0.0,3,1.0,47804.3419136123,11940.455684684,48803.4194508527,360,1,1,40,1,780,0.0
1.0,1.0,1,,37125.4758535867,22034.9214822502,195088.234397014,240,1,2,38,1,805,0.0
0.0,0.0,0,1.0,88031.9718589285,18772.6325934222,106132.213242255,60,0,2,41,0,501,0.0
1.0,0.0,1,1.0,49009.1945080893,22673.0736260248,129579.007493434,60,0,0,31,0,542,0.0
,0.0,0,0.0,48461.9268867519,22549.5876614196,145118.965211296,240,0,0,33,0,334,0.0
0.0,0.0,0,1.0,60313.6447294324,7806.78313191826,141070.886524288,60,1,2,32,1,838,0.0
1.0,,0,1.0,80432.4596814607,16804.681418312,95603.3270685462,60,1,1,28,1,742,0.0
0.0,1.0,1,1.0,40256.4094569763,17342.5926445676,158500.51094901,120,0,1,33,0,506,0.0
0.0,1.0,0,0.0,60507.7684108482,20711.4124203807,101296.992154088,60,1,1,27,1,746,0.0
1.0,1.0,3,1.0,75520.5582768695,3487.73342492855,154019.251938182,120,1,2,38,1,784,0.0
1.0,0.0,0,1.0,30848.9700107013,15596.9188057973,204911.790176171,180,0,2,33,0,631,0.0
1.0,0.0,1,1.0,75183.1032060529,26788.6593703693,196928.553352996,300,0,0,58,0,604,0.0
1.0,1.0,2,1.0,48784.7818604027,12846.1171113992,182081.26162206,360,0,0,34,0,649,1.0
1.0,1.0,0,1.0,30069.4148981984,30741.467860324,122756.496458824,120,1,2,34,1,808,1.0
0.0,1.0,2,1.0,78326.5534940496,6225.15977844368,154956.289623808,180,0,0,31,0,323,1.0
1.0,1.0,0,1.0,56191.0762814156,13073.9356123919,215627.459717011,360,0,2,38,0,592,1.0
0.0,1.0,1,1.0,52350.9520466142,14654.2777451418,183213.760212856,120,0,2,54,0,303,0.0
0.0,1.0,0,0.0,87077.4474833082,2144.08999243972,141728.797390905,120,1,2,39,1,757,0.0
1.0,1.0,0,1.0,62797.7446567825,18796.9967741711,153150.882944961,240,0,1,36,0,319,
1.0,0.0,0,1.0,53558.7696758864,9288.16025915813,153713.684509507,120,0,1,31,0,451,0.0
1.0,1.0,1,1.0,54404.7966300833,27090.1019890099,265875.811559842,360,0,1,37,0,349,1.0
1.0,0.0,2,1.0,56036.0864724056,4230.45459122053,202768.277337535,300,1,0,23,1,826,0.0
1.0,1.0,0,0.0,70174.5004645986,32230.7471764624,103897.347641128,60,1,2,39,1,828,0.0
0.0,1.0,0,1.0,,19330.6394674131,160004.702956419,180,1,2,43,1,745,
0.0,1.0,0,1.0,29489.4965815052,0.0,191030.373795433,180,0,2,35,0,404,0.0
1.0,1.0,1,0.0,60449.3178562409,11665.137190303,257172.240927182,300,1,2,36,1,813,0.0
1.0,1.0,1,1.0,54120.6610467163,12848.0367643981,166428.155759375,60,0,2,31,0,549,0.0
1.0,1.0,1,1.0,20621.5371516783,25467.1271377576,106999.876243884,60,0,2,42,0,416,0.0
0.0,1.0,0,1.0,38752.1294370624,24453.1177123586,214245.839243754,120,0,0,40,0,527,0.0
0.0,0.0,1,1.0,61289.4882962024,19746.3348556679,178262.356198736,120,0,1,29,0,365,1.0
1.0,1.0,1,0.0,72719.3550142347,21467.4393541864,197327.426385839,300,0,0,32,0,634,0.0
1.0,1.0,2,1.0,79134.0463358916,14608.5597303165,102212.282108867,180,0,2,51,0,561,0.0
1.0,1.0,2,1.0,47756.6616569035,777.654984931265,157331.629382308,360,1,0,35,1,688,0.0
1.0,0.0,0,1.0,50787.2245808042,15019.7684475581,182753.900881526,60,1,2,43,1,819,1.0
1.0,1.0,2,1.0,53956.3882603475,20838.3708153905,134090.964123665,300,0,1,26,0,542,0.0
1.0,0.0,0,0.0,74873.0355108034,27710.3009943114,83938.3131168154,180,1,1,47,1,764,0.0
1.0,1.0,2,1.0,58902.1199876742,8695.41545814522,116630.797281993,180,1,2,28,1,835,1.0
0.0,1.0,0,0.0,58799.2491662287,15182.3099713711,79365.4423753684,180,0,0,35,0,545,0.0
1.0,1.0,1,0.0,49413.3577510325,7119.23746096328,125560.010082453,360,1,0,43,1,774,0.0
1.0,0.0,3,0.0,68876.3885629245,4965.61096500496,86388.1186384018,300,1,2,24,1,661,0.0
0.0,0.0,0,1.0,40684.3473427208,27833.545772882,59582.8972987883,120,0,2,28,0,430,1.0
1.0,1.0,1,,81227.4192974626,24373.6741425368,101096.286866822,360,0,2,22,0,536,1.0
1.0,1.0,0,1.0,56195.1831117356,12733.37796276,189071.445973276,240,0,0,23,0,317,0.0
1.0,1.0,0,1.0,45030.2692688689,8198.26523652049,142305.111300718,60,0,0,48,0,339,0.0
1.0,0.0,1,1.0,39360.8951581113,30991.2324083673,104582.9374146,240,1,1,42,1,670,0.0
1.0,1.0,2,1.0,83780.330622151,0.0,126971.698512022,300,1,2,35,1,792,
0.0,1.0,2,1.0,67232.7205009526,23671.8741282773,,120,0,1,45,0,524,1.0
1.0,1.0,1,1.0,62977.5360783538,11135.051096772,104663.551732495,300,1,0,25,1,748,0.0
0.0,1.0,0,1.0,44565.1837080643,750.288281845878,87832.0631195323,60,0,2,44,0,581,0.0
1.0,0.0,0,,69476.6584182357,5819.80938361035,185389.58070775,60,1,2,34,1,657,0.0
1.0,1.0,2,1.0,50234.5231509691,6523.72787503115,133597.177466162,180,0,2,32,0,399,0.0
1.0,1.0,0,1.0,30288.7925392605,16785.2916972047,119278.823777607,180,0,0,31,0,539,0.0
1.0,1.0,1,1.0,23124.128330385,3007.95674904356,114504.043352396,60,0,2,36,0,386,0.0
1.0,0.0,1,0.0,15000.0,3847.8277202908,108455.866807243,360,0,1,28,0,597,0.0
0.0,0.0,0,1.0,67334.9281578451,21089.8444649243,98127.9151795837,180,1,0,47,1,821,1.0
1.0,1.0,2,1.0,38153.7447065484,24049.620414942,217066.503477484,180,1,2,30,1,663,0.0
0.0,1.0,0,1.0,52833.1969595755,0.0,189932.410359557,60,1,2,31,1,727,0.0
1.0,1.0,2,1.0,75636.4574355462,12798.8626874517,185048.616135198,180,1,1,30,1,651,0.0
0.0,1.0,1,1.0,58921.9030198852,12152.105904846,225514.332563657,300,0,2,21,0,592,1.0
1.0,0.0,3,1.0,36412.6175673476,21882.5971077241,142482.581685686,360,1,2,46,1,718,0.0
0.0,1.0,2,1.0,87849.1188296613,11666.1994439233,154244.412076333,60,1,2,33,1,815,1.0
1.0,0.0,0,1.0,16952.3291078163,6567.01688715047,183707.200255999,60,0,0,42,0,340,0.0
0.0,0.0,0,1.0,15000.0,25008.2049776841,125799.018840186,240,0,1,44,0,617,0.0
1.0,1.0,1,0.0,112415.861820599,13551.332448539,125599.359841395,300,1,0,40,1,709,1.0
1.0,0.0,2,1.0,49096.2751054735,13911.5137493083,193837.999457713,300,1,0,28,1,774,0.0
0.0,1.0,1,1.0,47537.1894715047,3795.8208106361,209456.489072673,300,0,2,45,0,410,1.0
1.0,1.0,2,1.0,84579.6100497812,1338.85919066315,176723.426753425,120,0,0,40,0,313,1.0
1.0,1.0,3,1.0,55606.5622432497,30486.3929502403,212944.310287141,120,0,1,39,0,530,0.0
1.0,0.0,1,0.0,24475.0733306709,0.0,116925.605735924,180,1,1,40,0,733,0.0
0.0,1.0,3,1.0,95223.7624973474,17201.8931420513,20000.0,120,0,1,37,0,429,0.0
0.0,1.0,0,1.0,79389.1440105347,8493.43378663805,157350.541680643,120,0,2,30,0,530,1.0
0.0,1.0,0,0.0,64227.9313494131,14820.720317502,126733.874082946,120,0,1,24,0,625,0.0
1.0,0.0,3,1.0,66152.2533637839,6910.36107074199,219552.123752797,240,1,1,44,1,794,0.0
0.0,0.0,0,1.0,55686.6472490473,29955.7173648242,140500.928825146,180,1,1,46,1,772,0.0
1.0,1.0,0,0.0,42657.395685782,3225.83494750711,107763.129560441,240,1,2,48,1,738,0.0
1.0,1.0,0,1.0,53014.8459136314,27434.6912834596,131446.798554957,240,1,2,23,1,677,0.0
0.0,0.0,2,0.0,83910.6277617341,14599.627924789,98696.5958629421,360,1,2,46,1,715,0.0
1.0,1.0,3,1.0,71850.5389840236,13203.8027859436,139867.336858892,120,0,2,36,0,462,0.0
1.0,1.0,1,0.0,56182.5556089364,21847.1485404989,162270.487088567,60,1,2,33,1,654,1.0
1.0,1.0,1,1.0,61401.0432622636,8687.58863759299,113407.039507096,120,1,2,43,1,842,0.0
1.0,1.0,1,0.0,,19212.4737869098,28443.9418014186,180,1,1,37,1,817,0.0
0.0,1.0,1,1.0,34952.1311117376,16149.4177175913,243286.367798422,300,0,1,24,0,463,0.0
1.0,1.0,1,1.0,89453.4135150196,14512.3434815688,124330.165961196,360,0,0,33,0,600,0.0
0.0,1.0,0,1.0,40639.084829795,5011.7913066595,186896.746313107,300,1,1,50,1,800,
1.0,0.0,1,0.0,44956.8718881883,8621.91307140064,123447.041481066,60,1,1,30,1,696,0.0
1.0,1.0,0,1.0,86310.165818802,8697.67926353561,133558.458670638,120,1,0,34,1,680,0.0
1.0,1.0,2,1.0,69167.7340710296,15818.4433452953,193267.935452503,120,0,2,36,0,309,
1.0,0.0,2,1.0,26229.89623863,0.0,195776.489586237,180,1,1,26,1,844,0.0
,1.0,3,0.0,64478.2826812932,32754.9084924004,189298.704943273,360,1,1,26,1,767,1.0
0.0,1.0,0,1.0,87202.3180036062,17819.1802075105,116184.206821131,360,0,2,42,0,569,0.0
0.0,0.0,0,1.0,43898.0963793898,6510.95343629535,186058.091104207,180,1,2,27,1,729,0.0
1.0,1.0,2,1.0,71641.9540693723,0.0,106261.188787281,180,1,1,26,1,742,1.0
1.0,0.0,0,1.0,78917.3928736829,14867.1691104098,195422.258282288,120,0,0,27,0,565,1.0
0.0,0.0,2,1.0,56829.4085394606,22642.1320333885,203373.392553534,60,1,1,41,1,725,0.0
1.0,1.0,0,1.0,40097.0303629324,20724.7141177973,105376.751614217,360,1,2,42,1,743,0.0
1.0,0.0,0,0.0,30429.5601926514,16095.7158007785,233563.123015181,120,0,1,37,0,556,0.0
1.0,1.0,0,,53262.0974642972,32772.9476803045,230403.856772677,360,0,0,27,0,432,
1.0,1.0,0,1.0,19630.2427122272,27696.1326259984,181264.475627103,120,0,0,36,0,575,1.0
0.0,1.0,0,1.0,36383.7436938231,23790.14154557,157349.614214427,300,1,2,43,1,657,0.0
1.0,1.0,0,1.0,84405.6579283543,25370.0532436915,151898.186410531,360,1,1,41,1,820,0.0
0.0,0.0,0,1.0,75158.4369984723,17820.3621046222,142520.734234131,180,1,0,29,1,650,1.0
0.0,1.0,1,1.0,35807.1796261758,33197.7178731259,138304.600727755,360,0,2,39,0,612,0.0
1.0,1.0,1,1.0,45520.7053906442,25832.617762943,249807.615987746,240,1,2,41,1,713,1.0
1.0,0.0,1,1.0,97523.4167843177,777.703504937928,79659.4727697564,120,1,2,47,1,767,0.0
0.0,1.0,0,0.0,59880.9058157454,10128.3281697085,127026.228402367,180,1,2,37,1,677,0.0
1.0,0.0,0,1.0,48003.5721216587,3709.35578167698,144260.558918272,120,0,1,37,0,420,0.0
1.0,1.0,2,0.0,15000.0,5572.24759769525,160546.308098196,120,1,2,47,0,756,
0.0,1.0,0,0.0,20653.4987154801,47877.6118738873,184674.79103023,120,0,1,21,0,474,0.0
1.0,1.0,0,1.0,49223.1628761452,26936.1175517258,108349.587208028,120,1,2,21,1,814,0.0
0.0,0.0,0,1.0,71118.8290329168,6536.01694222312,145877.702042542,360,0,2,37,0,604,1.0
1.0,1.0,1,0.0,63676.9908950739,13630.1042230605,230867.934872252,360,1,2,42,1,769,1.0
0.0,0.0,2,1.0,55412.3533628906,0.0,,360,0,1,35,0,343,1.0
1.0,1.0,1,1.0,70338.9303149674,11956.5512894604,173730.196151738,360,0,2,25,0,611,0.0
0.0,1.0,3,1.0,26576.6045501186,27962.56709748,90265.8265991724,60,0,2,30,0,455,
1.0,1.0,1,1.0,75998.838038841,16177.0741846095,201072.905200768,60,0,0,33,0,506,0.0
0.0,1.0,1,1.0,60904.4541799996,16755.7408492582,233138.864458973,300,0,1,34,0,407,0.0
0.0,1.0,1,0.0,72454.2244780053,29617.1701625711,161179.972722295,120,1,2,23,1,838,0.0
1.0,1.0,0,1.0,75428.0358980753,22906.7231869072,,60,0,1,45,0,633,0.0
1.0,1.0,2,1.0,63821.981360398,11327.9606578825,68587.2976142412,60,1,0,37,1,779,
0.0,0.0,2,1.0,64680.4890870629,4343.17302180433,60186.1716611232,300,0,0,36,0,592,1.0
0.0,1.0,1,0.0,97640.4899295006,18653.9424192514,114224.361693862,240,0,2,31,0,319,0.0
0.0,1.0,1,0.0,24282.6701613177,23976.5577164974,150008.025370354,120,1,2,37,1,675,1.0
1.0,0.0,0,1.0,70755.3638073696,9774.79070590363,197111.500878391,360,1,2,40,1,678,0.0
0.0,1.0,2,1.0,44666.868244333,1751.54219067259,167601.930647906,240,1,2,36,1,650,0.0
1.0,1.0,0,1.0,72063.7486216468,19147.8446207924,38703.2291020961,120,0,1,30,0,418,0.0
1.0,1.0,1,1.0,74932.2272920431,2226.28866449382,154398.213873713,60,1,1,26,1,684,1.0
1.0,1.0,2,1.0,37396.4254103063,33056.6887811626,147575.206922558,60,0,2,26,0,497,0.0
0.0,1.0,0,0.0,80456.8294310152,24363.8013461662,159813.616922043,360,1,2,51,1,708,0.0
1.0,1.0,0,1.0,54999.0697080209,6140.29266102223,129309.494068905,360,1,1,43,1,718,1.0
1.0,1.0,2,1.0,66639.6066113803,7859.34882017821,197327.568071173,240,0,2,31,0,460,0.0
1.0,1.0,3,1.0,23162.0445408428,31857.0175403497,250445.470954806,300,0,2,44,0,478,0.0
1.0,0.0,0,0.0,44324.686688272,7134.27908442149,158247.843770451,240,1,0,23,1,661,0.0
0.0,0.0,1,0.0,63713.7716083747,15092.2699299546,124161.621622685,360,1,2,29,1,669,0.0
0.0,0.0,2,1.0,18259.4596279586,0.0,154468.036929811,120,1,2,38,1,830,0.0
1.0,1.0,2,1.0,51411.8891774949,15650.2463118878,223034.016606456,360,1,2,33,1,692,0.0
1.0,1.0,0,0.0,56234.7732982738,6579.01310278611,89222.8393974471,180,1,1,28,1,775,0.0
1.0,0.0,1,1.0,57118.2488855676,19081.3591277835,213943.688235018,120,1,0,40,1,699,0.0
1.0,0.0,1,0.0,66556.2214714824,7612.61274695072,224226.038292435,60,1,0,43,1,678,0.0
1.0,1.0,1,1.0,32229.1489233757,24338.1042607499,76188.47598453,60,1,1,33,1,834,0.0
1.0,1.0,1,1.0,50610.5122813009,26400.6784649516,131597.085892815,60,1,2,21,1,688,1.0
0.0,1.0,0,1.0,69503.3549299076,18619.1427073052,121932.163123802,60,1,2,37,1,833,1.0
1.0,1.0,0,1.0,87690.6409518781,8875.77109099131,149202.513651161,120,1,1,44,1,820,
0.0,1.0,1,0.0,49506.7518586639,8608.06466249841,241655.707419922,360,0,1,31,0,477,0.0
0.0,0.0,1,1.0,48962.837082151,12356.4416679653,108710.643737274,240,0,2,21,0,593,0.0
1.0,1.0,0,1.0,38697.7267384925,5717.80032651982,266651.778105573,180,0,2,28,0,639,0.0
1.0,1.0,0,1.0,53217.5544145992,14237.609826794,250545.151770671,120,0,2,27,0,450,0.0
1.0,1.0,0,1.0,58568.0149628386,26433.9810714955,138700.922732796,180,1,2,29,1,777,0.0
1.0,1.0,1,,39484.9463271944,0.0,136066.76142877,60,1,2,36,1,775,
0.0,1.0,2,1.0,92344.2514993724,7948.89479834039,184421.825993733,300,1,2,45,1,694,0.0
1.0,1.0,2,1.0,97465.9555243509,42219.1214790649,120432.531010086,360,0,1,44,0,607,1.0
1.0,1.0,0,0.0,52286.547380443,7445.39198607118,122423.629994918,60,0,0,32,0,635,0.0
1.0,0.0,1,1.0,43555.5920886713,5741.1009610885,130829.102901553,360,0,1,39,0,533,1.0
1.0,1.0,3,1.0,,19806.0859334734,83758.3472148682,240,1,1,43,1,773,0.0
0.0,1.0,0,1.0,55574.9275282845,17023.8337059869,129441.330222334,180,1,1,33,1,768,
0.0,1.0,0,1.0,54264.1152852346,23949.3006156556,192866.109595308,120,1,2,29,1,657,0.0
,1.0,1,1.0,43072.8669001825,6466.00525960888,60753.0733563947,240,1,2,48,1,734,0.0
1.0,1.0,0,1.0,71410.1441670903,5392.20441755109,208976.913380386,120,0,1,21,0,428,0.0
1.0,1.0,2,0.0,37488.2577193606,0.0,196543.664453284,300,1,0,43,0,657,
1.0,0.0,2,1.0,62015.8214528961,16949.6770599075,185664.908831031,120,0,1,24,0,456,1.0
1.0,1.0,1,1.0,82885.8613711987,14138.378959005,77855.5712971153,240,0,1,48,0,304,1.0
0.0,0.0,1,1.0,67960.9643301852,17930.0880725865,98400.105431738,180,0,0,43,0,385,0.0
1.0,1.0,0,1.0,54746.8095936766,15466.3736656596,209091.414697102,60,1,2,33,1,824,0.0
1.0,1.0,2,0.0,63133.8745649304,14037.8773795942,179391.756093289,60,0,2,36,0,589,1.0
0.0,1.0,2,1.0,37344.3009746451,20069.1572013631,201442.457680479,300,1,1,40,1,842,1.0
0.0,0.0,0,1.0,62511.5290694308,0.0,150751.696277089,240,1,2,33,1,704,0.0
0.0,0.0,0,1.0,71395.2071439729,11066.4887517712,187666.55858891,60,0,2,38,0,418,1.0
0.0,0.0,1,1.0,88186.9488037116,33338.9654602437,113860.987227775,180,1,0,28,1,820,0.0
0.0,1.0,1,0.0,55530.7442934829,14389.0249199413,175676.068462736,120,0,1,31,0,413,0.0
1.0,1.0,0,1.0,53284.3060141974,4009.6077546814,77491.8416481649,240,1,0,40,1,794,0.0
0.0,1.0,3,1.0,58791.9254160618,15342.0468453807,147372.29190399,60,0,1,27,0,325,0.0
0.0,1.0,1,1.0,67331.9649219369,7339.547975996,110399.821295237,180,1,0,37,1,785,0.0
1.0,0.0,0,0.0,41673.5816185316,20870.5753459453,102568.904939551,60,1,0,48,1,696,0.0
1.0,1.0,0,1.0,58521.0486878321,8439.02763994358,200841.544450642,180,1,2,30,1,762,0.0
0.0,1.0,1,1.0,82985.4665257135,0.0,159172.711323611,180,0,2,37,0,375,0.0
1.0,1.0,1,1.0,73604.4072095338,16224.9092537445,200464.74778899,360,0,1,27,0,627,0.0
0.0,1.0,1,1.0,64676.9605157919,15490.9473130567,102628.855249077,240,1,1,32,1,738,0.0
1.0,0.0,1,1.0,67836.0801080509,12689.404631591,112644.862316646,300,1,2,43,1,695,0.0
1.0,0.0,1,0.0,27697.3636818898,0.0,233602.088652116,360,1,2,34,0,845,0.0
0.0,1.0,0,1.0,53896.2230903849,3187.98826851119,194084.821347887,300,1,2,27,1,682,0.0
1.0,1.0,1,0.0,92853.4590651192,0.0,263884.446301546,240,1,0,33,1,650,0.0
1.0,0.0,0,0.0,66556.4234568617,14060.9643128695,102245.885593208,300,1,2,28,1,796,0.0
,1.0,1,1.0,70884.4070468069,5468.42495244908,208223.7923525,60,0,0,31,0,586,
1.0,1.0,1,1.0,74438.0697087628,5967.0688922089,137163.309825997,240,1,2,35,1,791,0.0
0.0,1.0,2,1.0,49880.6760202428,9104.21004063872,191142.961139167,60,1,1,22,1,702,0.0
1.0,1.0,0,1.0,75201.119273792,41068.5916314976,147415.103031238,120,1,2,48,1,697,0.0
1.0,1.0,1,1.0,42483.1518700978,0.0,226639.194238405,360,0,2,42,0,368,0.0
1.0,1.0,0,0.0,35447.8436972601,8888.22847980673,107371.370562675,240,1,2,27,1,754,0.0
0.0,1.0,0,0.0,58482.5709862995,14499.1940114353,119404.347367908,180,1,1,41,1,739,0.0
0.0,1.0,2,1.0,39861.4527810971,34519.2908951742,215449.470486455,240,0,2,33,0,519,1.0
0.0,1.0,3,1.0,94318.1526226538,36773.2038104222,52496.1036737809,240,0,1,39,0,491,0.0
1.0,1.0,2,1.0,74793.5093623566,0.0,165774.840416174,120,0,2,39,0,362,0.0
0.0,0.0,1,0.0,108915.039592336,22674.7934455413,153770.456446233,120,0,2,49,0,372,0.0
1.0,0.0,1,1.0,,451.078347106895,108101.039266034,300,0,1,44,0,460,0.0
,0.0,0,1.0,44772.8946038211,16973.1341229026,63863.8759217322,60,1,2,29,1,818,0.0
0.0,1.0,0,0.0,60977.201406514,0.0,187352.941391206,300,0,2,45,0,388,0.0
1.0,1.0,3,1.0,76520.9434288301,16949.5509241218,114590.69193202,120,1,0,44,1,825,0.0
1.0,1.0,2,1.0,45811.3768534304,15343.9379530758,122557.307018387,240,0,2,46,0,568,0.0
1.0,1.0,1,0.0,66769.9281498882,12120.9392313207,167404.764589367,240,0,1,38,0,372,0.0
1.0,1.0,2,1.0,65462.3686858728,20698.7637597952,80922.547056028,360,0,0,37,0,544,
1.0,0.0,1,0.0,81719.6423235006,686.451529455729,,60,0,2,31,0,376,0.0
,0.0,2,1.0,61445.5793076857,9168.34282744043,176413.496945755,300,1,1,28,1,808,0.0
1.0,0.0,0,1.0,66872.3657913692,1549.85516069331,200876.571196531,300,0,1,27,0,623,1.0
0.0,0.0,1,0.0,90068.3965685799,0.0,76698.0899275563,60,1,2,27,1,747,0.0
0.0,1.0,1,1.0,56390.4017281874,30050.6203860832,274265.696226684,360,0,2,39,0,401,1.0
1.0,1.0,2,0.0,91310.4805846868,14327.2253508646,76066.3201844851,240,0,2,43,0,431,1.0
1.0,1.0,2,1.0,50853.9668982642,0.0,116980.931473223,60,1,2,31,1,751,1.0
,1.0,0,1.0,76916.0574512585,18629.9570343268,101767.120555247,180,0,1,34,0,318,0.0
1.0,1.0,2,1.0,112033.662283607,25216.2476439994,154056.229170925,240,0,0,30,0,381,0.0
1.0,1.0,1,0.0,72512.61867292,22985.6667311059,105007.101418236,360,0,2,24,0,578,1.0
1.0,0.0,1,1.0,57192.4988218932,20424.239695321,104518.391362764,60,0,1,41,0,638,1.0
0.0,1.0,1,1.0,31028.1717073291,19113.5763115143,82172.747385673,300,1,1,42,1,758,0.0
0.0,1.0,1,1.0,55271.0232652828,9494.66031799298,80781.0927893154,240,0,2,39,0,630,0.0
1.0,0.0,0,1.0,67442.1094521372,16739.4720841281,146780.122968764,120,0,2,43,0,428,0.0
0.0,0.0,1,1.0,65716.0657358946,12541.5168255601,165523.963850296,120,1,1,25,1,737,0.0
1.0,1.0,0,1.0,80020.9218513428,28919.2088767991,180311.859674814,360,0,1,38,0,609,0.0
0.0,0.0,0,1.0,39949.4127072438,12647.2609002756,178360.895271693,240,1,1,36,1,848,1.0
1.0,1.0,2,0.0,57934.904797019,17637.5558482257,186138.838696638,180,1,0,30,1,738,0.0
1.0,1.0,3,0.0,76968.6176441056,14039.9933826614,56026.6518026916,60,0,0,36,0,512,0.0
1.0,0.0,1,1.0,75131.2934982628,26529.132562048,146043.888880774,300,0,0,33,0,442,0.0
0.0,1.0,1,0.0,76769.8154890328,5217.45061939522,186279.508774116,300,0,2,37,0,364,0.0
0.0,1.0,1,0.0,89067.689542354,9025.21141975596,174080.692284404,300,0,2,34,0,375,
1.0,1.0,2,0.0,48469.7919854656,28111.6229660361,187847.636806391,180,0,2,48,0,498,0.0
1.0,1.0,2,0.0,73862.1121452628,6771.44098481567,176048.843674588,360,1,0,44,1,792,0.0
0.0,1.0,3,1.0,91175.7836899378,8286.92408628913,210233.796787846,300,0,0,44,0,615,0.0
0.0,1.0,1,1.0,46141.8080947869,21787.2806927941,213526.461207357,300,1,2,44,1,742,
1.0,1.0,1,1.0,97768.7387922851,0.0,242833.616895885,300,0,1,38,0,604,0.0
1.0,1.0,2,0.0,76903.1594236864,28427.2186135118,207928.274641116,300,0,0,28,0,523,1.0
1.0,1.0,0,1.0,38931.6887365268,13506.3850435035,190927.435821999,360,1,0,21,1,684,0.0
0.0,1.0,3,1.0,83895.2572375387,25270.6042687301,276350.52091643,60,0,1,49,0,401,0.0
1.0,0.0,1,1.0,57819.5316007307,31807.6571338818,122303.265807887,60,1,2,37,1,660,0.0
1.0,0.0,1,1.0,68141.0457424907,0.0,161575.938602323,120,1,2,42,1,748,0.0
1.0,1.0,2,1.0,70617.8862843189,6687.12104518109,132001.191320954,300,1,2,39,1,849,0.0
1.0,1.0,0,0.0,55308.257332497,7819.35216381735,158111.160844941,180,0,0,42,0,409,0.0
1.0,1.0,3,1.0,91966.4361528206,17066.7762853911,128911.156780618,60,1,1,30,1,723,0.0
1.0,1.0,0,1.0,55867.774406079,14925.1920325925,150789.238668032,300,1,2,42,1,843,0.0
0.0,1.0,0,0.0,60524.0950554807,15261.8514918579,131642.821447638,240,1,1,43,1,823,0.0
1.0,0.0,2,0.0,69620.1846347342,612.798989431305,170018.414473128,120,0,2,21,0,564,0.0
0.0,1.0,3,0.0,68508.8972836834,10239.3744222213,187886.705710495,300,0,1,51,0,302,0.0
1.0,0.0,1,1.0,53479.750083663,24030.5816673693,196951.457874957,180,1,1,32,1,734,0.0
1.0,,0,1.0,73978.3937016157,22834.6564832473,179186.46807609,300,0,2,42,0,581,0.0
1.0,0.0,2,1.0,53371.3725743699,32283.2938056633,149946.443323129,180,1,2,29,1,721,0.0
1.0,1.0,2,0.0,62148.8874868178,27237.9362251316,136512.969669417,180,0,2,45,0,603,0.0
0.0,1.0,1,1.0,68074.6018067321,20327.8320932262,65249.1103512346,120,0,2,31,0,416,
1.0,1.0,0,,91989.4188022758,10659.666456764,171784.155596225,60,0,2,38,0,520,1.0
0.0,1.0,0,1.0,87643.1798207505,7924.47714705893,132576.690431901,60,1,1,32,1,803,0.0
0.0,0.0,1,1.0,82253.7674997985,10640.9853090956,78078.6640612297,60,0,1,44,0,452,0.0
1.0,1.0,1,1.0,58049.4923250875,0.0,149832.118998,120,1,2,36,1,661,0.0
1.0,1.0,3,1.0,70442.8509186787,11115.2009322851,52040.9195632011,360,1,2,23,1,782,1.0
0.0,1.0,2,1.0,47809.7559568143,18553.3819559013,142937.908946573,300,0,0,51,0,603,1.0
1.0,0.0,2,1.0,15000.0,32379.8498512352,179982.182036251,60,0,2,29,0,592,
0.0,0.0,3,1.0,72552.1259512366,14957.9808460884,53949.3430588372,120,0,2,38,0,599,0.0
,0.0,0,1.0,68297.3100072382,7486.54530396629,177125.211483225,60,0,1,39,0,527,1.0
0.0,1.0,2,1.0,16077.443578001,13597.2441444957,248785.255061503,60,0,2,31,0,570,0.0
,1.0,0,0.0,65385.8950516146,18948.8149000257,189363.684740811,240,0,0,33,0,342,0.0
0.0,1.0,1,1.0,68566.1419441529,9474.30653881147,126305.856510714,180,0,0,28,0,642,
1.0,1.0,0,1.0,80481.2505162292,0.0,156059.107595033,120,0,1,47,0,625,0.0
1.0,,2,1.0,78080.3510952262,11193.053762049,88541.4483240841,240,1,1,21,1,695,1.0
1.0,1.0,3,1.0,29696.1787560289,16293.6800670381,165868.131662768,60,0,0,51,0,320,1.0
0.0,1.0,1,0.0,65619.8373547006,29488.2010833771,133386.364937495,120,1,2,35,1,800,0.0
1.0,1.0,1,1.0,70942.3823035042,23852.5632086596,137170.258210523,360,1,1,36,1,756,
,0.0,1,1.0,56594.8350640818,10447.7941911729,110076.360160018,120,1,1,36,1,729,0.0
1.0,1.0,1,0.0,83866.2201185425,26003.9289227872,162191.346330838,300,0,0,33,0,602,
0.0,1.0,2,0.0,59283.4792178009,16849.7057507315,164700.819965331,60,1,2,33,1,766,0.0
1.0,1.0,1,1.0,76310.0204488852,27428.2689332682,247200.882500022,240,1,0,43,1,773,0.0
0.0,1.0,0,0.0,68790.0246124045,0.0,94030.4560127045,120,0,1,23,0,580,1.0
1.0,,0,1.0,71928.822751635,35044.2330367517,207102.729617612,360,1,2,38,1,685,0.0
1.0,1.0,1,0.0,50345.1295563593,18056.6556864259,195438.173906218,120,0,2,24,0,502,1.0
1.0,1.0,0,1.0,35957.0094784782,177.685763226912,245608.902383147,360,0,1,37,0,350,
0.0,0.0,0,0.0,92567.9324625707,5030.68373597873,162797.218853917,300,0,1,33,0,570,0.0
1.0,1.0,2,1.0,52588.3447519843,24230.4482722676,153296.555428945,180,0,0,21,0,623,1.0
1.0,1.0,0,0.0,72340.1189915339,9432.82102142837,194087.320038,360,1,2,35,1,670,0.0
1.0,1.0,2,0.0,44920.7082226664,28746.1126757655,182717.78452981,240,1,1,22,1,790,1.0
0.0,1.0,2,1.0,24783.8237603844,19610.7803229643,151792.164742902,180,0,2,37,0,574,0.0
0.0,0.0,0,1.0,24412.0213898555,28255.0021972125,162611.573995964,120,0,2,27,0,589,0.0
1.0,0.0,0,1.0,74637.4140857659,23312.1110319975,211023.819554053,360,0,0,27,0,633,1.0
0.0,1.0,0,1.0,69579.5965149278,29697.8425878749,108856.619750101,180,0,0,37,0,351,0.0
1.0,0.0,2,0.0,60386.881416235,3915.02909203216,96578.1257077085,180,1,1,28,1,676,0.0
1.0,1.0,2,0.0,49410.6607298598,27950.0714993841,163560.573763998,180,0,1,42,0,456,
1.0,1.0,0,0.0,56845.0603353703,14923.2593631549,181748.143680627,300,0,2,32,0,538,1.0
1.0,1.0,1,0.0,64329.1717916395,11364.2670508497,177166.979849952,300,1,2,32,1,805,0.0
,1.0,3,1.0,,14338.8760604799,137045.797045968,300,0,2,35,0,590,0.0
1.0,1.0,0,0.0,41288.0740247514,879.243936843697,153992.841788465,60,1,1,34,0,785,
0.0,1.0,1,1.0,65429.9062165129,17951.4097933741,107701.848368537,120,0,2,30,0,443,0.0
0.0,1.0,0,1.0,55580.7165234067,14775.6394801942,126868.536170355,360,0,2,32,0,405,0.0
0.0,0.0,0,1.0,55301.5145695805,3962.41437397683,116495.471309098,120,1,2,48,1,813,0.0
1.0,1.0,1,0.0,83263.2750430991,14080.3153379695,141954.75308617,60,0,2,55,0,457,0.0
0.0,1.0,2,1.0,82791.1107205093,22700.5010891758,65028.524019624,300,1,0,36,1,795,0.0
1.0,1.0,2,1.0,78713.5678629492,8470.49844167919,201936.352972109,360,1,1,38,1,651,0.0
0.0,0.0,1,1.0,68563.7249562115,8859.61838450588,172269.838605714,120,0,2,50,0,376,0.0
1.0,1.0,0,0.0,74769.3315999082,24540.8510215662,166345.543211958,240,0,0,30,0,431,0.0
1.0,0.0,1,0.0,55412.1851186394,9017.20665802152,136921.638838673,360,0,1,34,0,389,0.0
0.0,1.0,1,1.0,55513.6205824379,16756.7371249177,214063.482270067,360,0,0,42,0,644,0.0
,0.0,2,0.0,91863.7325327879,8454.6642900169,33203.4651472451,300,0,2,41,0,649,0.0
1.0,0.0,2,1.0,64046.575928456,0.0,204118.935566172,120,1,2,39,1,656,0.0
1.0,1.0,2,1.0,61997.7390881842,4490.58833811039,145870.483729174,240,1,0,39,1,744,
1.0,1.0,0,1.0,48725.5089439205,14548.7710967594,173593.497393833,300,0,0,26,0,407,0.0
1.0,1.0,0,1.0,70202.4872250015,32293.0086604475,147770.066400238,120,1,2,25,1,723,0.0
0.0,,2,0.0,110980.194174354,21927.7576970823,161709.70757491,60,1,2,41,1,688,0.0
1.0,1.0,1,1.0,43430.059504395,31646.4182196627,269650.614738339,120,0,2,41,0,458,0.0
1.0,1.0,1,1.0,64826.4386983356,14006.8566220796,184846.531748137,120,0,2,44,0,370,0.0
1.0,,1,1.0,15762.7617734098,15538.973470332,165569.496884821,180,0,2,41,0,611,0.0
1.0,1.0,2,1.0,73878.4646638251,23427.7403009902,209464.172671982,300,1,0,27,1,819,0.0
1.0,1.0,0,1.0,45438.4580428935,17813.4834748957,117068.395952248,180,0,2,36,0,597,0.0
1.0,1.0,3,1.0,60382.955548315,35773.4343956995,127931.124835268,300,1,1,36,1,833,0.0
1.0,0.0,2,0.0,68401.8898090368,11760.9114678407,152066.34159385,360,0,2,32,0,335,0.0
0.0,1.0,1,0.0,22144.7564481989,14618.6543117535,98600.296339128,360,0,2,36,0,383,1.0
0.0,1.0,2,0.0,52299.5637657427,14317.137922357,215056.492608928,120,1,2,41,1,845,0.0
,1.0,0,0.0,84791.6801288312,0.0,95394.0045138801,240,0,1,34,0,562,0.0
1.0,0.0,1,1.0,54101.0064341594,15140.0496737138,122176.711107501,300,1,2,23,1,703,0.0
0.0,0.0,0,1.0,58543.4217468625,26671.2078800329,128703.770034121,60,0,0,26,0,471,0.0
1.0,0.0,2,0.0,,15327.7363755578,131964.774977521,300,0,2,34,0,472,0.0
1.0,,2,1.0,20022.221862775,28845.0496265103,192440.272886572,360,0,1,38,0,346,1.0
0.0,1.0,1,1.0,57783.7487944182,4476.70530396804,95816.7083285953,360,1,1,29,1,772,1.0
0.0,1.0,1,1.0,69133.7602146079,24259.0417672771,224307.566257167,60,0,0,33,0,440,0.0
0.0,0.0,0,1.0,73189.0248222722,13998.2723121324,179655.269967886,360,0,2,30,0,417,0.0
1.0,1.0,0,1.0,81653.8210777414,18051.5083587497,86848.2323211466,360,0,2,21,0,576,
0.0,0.0,0,,38278.9083576382,18975.2775657315,205927.070466797,120,0,1,41,0,513,1.0
0.0,0.0,0,1.0,61639.9111282712,22265.1162233606,226776.538668594,180,1,2,44,1,786,1.0
0.0,1.0,1,1.0,57356.6128871125,10998.8033869886,87871.7998600147,240,1,2,47,1,675,
0.0,0.0,1,1.0,39255.0769134708,24972.6556765887,195963.054584064,180,0,0,46,0,308,1.0
0.0,1.0,1,1.0,31554.9258080465,39984.3048372149,143206.34758181,360,0,2,35,0,570,0.0
1.0,0.0,1,1.0,58786.7837237075,8201.11460263813,63213.3031526186,60,0,2,34,0,309,0.0
1.0,1.0,0,0.0,66395.6386828507,24911.9111292666,60712.9359026868,300,0,0,42,0,420,0.0
0.0,0.0,3,1.0,28824.2600995231,14036.153636851,146326.347271789,60,0,1,25,0,424,1.0
1.0,1.0,0,0.0,115104.354874398,30803.3977082296,119110.186325948,360,0,2,48,0,469,0.0
1.0,1.0,1,1.0,70865.9605807277,6561.461225751,155333.482768352,120,1,2,45,1,721,1.0
1.0,1.0,0,1.0,44546.8110945835,25525.4731073474,174630.474340652,120,0,0,36,0,451,1.0
0.0,1.0,2,1.0,96152.1701553852,18029.7187358728,201552.136939133,300,0,1,27,0,507,0.0
0.0,1.0,1,1.0,88283.7457666218,12402.7882892346,204295.920575336,60,1,2,35,1,698,0.0
0.0,1.0,2,1.0,31281.8095226294,4530.78249893093,229560.764544114,360,1,1,31,1,803,0.0
,1.0,0,1.0,92867.5631160906,19957.6557301551,182734.424650407,360,0,2,40,0,646,0.0
0.0,0.0,0,1.0,77055.4735024444,18949.579703233,60547.7422876839,240,1,2,21,1,686,0.0
0.0,0.0,0,0.0,67374.6629463503,15812.9142504248,111761.585507373,360,0,1,30,0,367,0.0
1.0,1.0,0,1.0,67373.466177458,24468.0756651187,117402.39229883,240,0,1,34,0,349,0.0
1.0,0.0,3,1.0,70085.7570676854,26119.533608604,209623.870125378,180,1,2,44,1,801,0.0
1.0,1.0,3,1.0,53204.8198470495,12903.6000658083,119290.479093725,240,1,2,21,1,668,0.0
1.0,1.0,2,0.0,73727.0711002906,26346.3969982105,142823.766528852,120,1,2,42,1,749,0.0
1.0,1.0,0,0.0,48889.0644102626,13164.5967798353,129006.291885782,60,0,1,42,0,359,0.0
1.0,1.0,0,1.0,39879.6523700059,10084.3806098107,197485.019213893,360,0,1,34,0,466,0.0
0.0,0.0,1,1.0,43896.5649651424,126.255535960232,178860.282626397,360,1,2,48,1,738,0.0
1.0,1.0,2,1.0,66218.15131196,42799.6362422355,117617.362181097,180,0,1,36,0,445,0.0
0.0,1.0,3,1.0,79006.1518394715,17100.0830802258,145370.03023658,60,1,0,38,1,796,0.0
1.0,0.0,0,1.0,75135.7735997396,35372.1063971835,210160.639114614,60,1,2,33,1,813,1.0
1.0,1.0,2,1.0,44805.9376503942,12875.4829728694,179299.588448939,360,1,2,47,1,832,1.0
1.0,1.0,1,1.0,35446.4007108788,33752.2538848338,186492.151755749,60,1,2,42,1,718,0.0
1.0,1.0,3,0.0,40933.4278348257,7687.45431187043,189784.351006119,180,0,2,21,0,474,1.0
0.0,,3,1.0,33036.2915578857,18333.6985126087,101926.409324474,60,0,1,50,0,348,0.0
0.0,1.0,2,0.0,63961.6952153571,13886.8115120219,173660.853290599,60,1,2,55,1,757,
,0.0,0,1.0,49626.6656075757,19137.5420294738,74006.5981312245,180,0,1,26,0,525,0.0
0.0,1.0,0,1.0,44443.6662481824,22769.3670293151,167823.855233474,180,0,1,35,0,460,0.0
0.0,1.0,0,1.0,70851.2008717193,6629.0986638496,129620.532767015,240,1,2,41,1,768,0.0
1.0,1.0,2,1.0,55246.3336607803,7233.05947027856,132452.362893095,360,0,1,26,0,448,0.0
1.0,1.0,0,0.0,53977.9260882142,11439.0795138094,190493.099243543,360,1,2,35,1,799,1.0
1.0,0.0,0,1.0,65307.2469879925,6185.66294773004,147377.615017544,240,1,0,28,1,825,
1.0,1.0,0,0.0,70323.5657422991,11479.1225254611,205391.16412084,120,1,2,30,1,686,0.0
1.0,0.0,0,1.0,74167.128945987,10401.4073768485,186049.457671546,360,1,1,35,1,792,0.0
1.0,1.0,1,1.0,101994.43578333,12792.7124304163,188322.797992485,240,0,1,46,0,459,0.0
1.0,1.0,0,0.0,62987.2696454237,19202.6852905656,144480.840967698,180,0,2,25,0,310,0.0
0.0,0.0,1,1.0,66934.1995520984,20558.2602757512,20000.0,360,1,2,34,1,787,0.0
1.0,,3,0.0,50858.0748682745,28491.3510511342,205557.260760223,360,1,2,28,1,850,1.0
1.0,0.0,0,1.0,15000.0,12374.2434068437,254363.608089681,180,0,1,30,0,377,0.0
1.0,1.0,0,1.0,55381.3093958264,26062.3155885996,60243.5401690065,240,1,2,32,1,726,0.0
1.0,0.0,1,0.0,61164.17436892,12011.7991097079,107581.109805893,120,1,0,53,1,834,0.0
1.0,1.0,3,1.0,32110.0986228147,34006.4904172208,205821.53743911,180,0,2,25,0,553,0.0
0.0,1.0,0,1.0,68172.1461540353,19713.9126276499,196108.672825354,300,1,1,41,1,802,0.0
1.0,0.0,1,1.0,63851.9383746261,21248.1782305387,162879.087460521,360,1,2,21,1,651,0.0
1.0,1.0,2,0.0,70054.8961498163,25296.0436141969,150346.236052185,300,1,2,28,1,713,
1.0,1.0,1,1.0,89065.2132664206,0.0,97186.4796125946,180,1,2,35,1,684,0.0
0.0,1.0,2,1.0,48672.1081757055,18886.4724603331,222774.914603947,240,1,1,34,1,656,0.0
1.0,1.0,0,1.0,41674.5179887255,8485.57450136318,170434.23811377,300,1,2,32,1,734,0.0
1.0,1.0,0,1.0,52562.8423544266,16155.967386799,139101.580751963,120,1,0,35,1,795,1.0
0.0,1.0,1,1.0,22531.1739209076,23410.4127696162,159308.097779086,300,0,1,26,0,622,1.0
1.0,1.0,1,0.0,87022.2817997343,4763.40253869285,124894.608758515,360,1,2,36,1,691,0.0
1.0,0.0,1,1.0,102443.123940252,41378.817522602,268416.727120021,120,0,0,34,0,424,0.0
0.0,1.0,2,1.0,30428.2750844031,17537.3729677483,87680.3250730419,360,1,1,26,1,816,0.0
1.0,1.0,2,0.0,70977.6767063473,17378.2954075833,102814.728428496,300,0,0,52,0,540,0.0
,1.0,2,,32966.3078876733,7336.77475218573,259581.912752749,120,0,0,25,0,579,0.0
0.0,1.0,1,0.0,84604.4435130157,33015.2840783218,203435.24900673,120,0,1,34,0,487,0.0
1.0,1.0,1,1.0,49217.5459370204,21690.8521026752,152343.927165165,360,0,1,25,0,601,0.0
0.0,0.0,2,0.0,48896.009466136,7176.46077498006,114026.380783103,360,0,2,35,0,318,0.0
1.0,1.0,1,1.0,75492.6810685867,11686.4770091215,185651.292521647,360,0,2,38,0,367,1.0
0.0,1.0,0,0.0,77680.907927221,23727.8741446961,131371.885971454,300,0,0,42,0,517,0.0
0.0,1.0,1,1.0,61713.7432280671,22095.9947938356,69304.9272260504,360,0,2,25,0,401,0.0
1.0,1.0,2,0.0,56294.2468224458,14879.5644704006,202219.302593828,300,1,1,39,1,691,0.0
1.0,1.0,0,0.0,46852.5489201055,1875.11309663687,120228.780737849,60,1,1,28,1,681,0.0
1.0,1.0,2,1.0,27373.2977916585,14398.4550059487,111583.825315168,360,1,1,36,1,816,1.0
0.0,1.0,1,0.0,76793.2772886237,22172.6354378321,171229.254802357,120,0,1,32,0,408,1.0
1.0,1.0,1,0.0,56596.3075495014,8326.66618783519,185892.311449813,180,1,2,21,1,685,0.0
1.0,1.0,2,1.0,71909.8179527851,21731.3369223296,151542.433352675,180,1,0,26,1,746,0.0
1.0,1.0,0,1.0,47672.7718392104,11139.9742435056,132578.60248542,60,0,2,43,0,463,0.0
1.0,0.0,2,1.0,43086.5379101177,0.0,49513.3316565641,240,0,0,48,0,372,0.0
0.0,0.0,2,1.0,46857.3007544388,14333.9897297802,74859.9144347465,360,1,1,32,1,785,0.0
1.0,1.0,2,1.0,60986.1666304044,21884.9597456156,71332.652519713,300,0,2,39,0,369,1.0
1.0,1.0,2,1.0,44922.7577261807,38330.1641825268,164533.324655652,360,1,2,50,1,818,1.0
,1.0,1,0.0,95098.6614329448,6034.14459352808,183227.620719709,360,1,2,38,1,845,1.0
1.0,0.0,1,1.0,45439.9411754173,17547.311373802,165657.151156676,60,0,1,38,0,568,0.0
1.0,1.0,2,1.0,15000.0,10647.5180299483,136699.165221982,240,0,0,31,0,348,0.0
1.0,1.0,2,1.0,87131.6677165596,13925.5511820575,189244.434374709,60,0,2,54,0,615,0.0
1.0,0.0,0,0.0,44872.9850943139,22031.4019723604,96887.9841328358,300,1,1,49,1,779,0.0
0.0,1.0,0,1.0,107887.238011649,5150.53874882967,153176.89775784,300,1,0,35,1,837,0.0
,1.0,2,1.0,63035.1598449748,7158.36141640167,245044.439480184,120,0,2,40,0,304,1.0
1.0,1.0,2,1.0,73924.1272962683,17006.9869428887,219278.761697074,60,1,2,42,1,821,1.0
1.0,1.0,0,0.0,100996.241915718,16902.2322184489,257135.551723209,240,0,2,35,0,326,0.0
1.0,1.0,3,1.0,60507.7055594454,0.0,172583.123664209,240,0,1,32,0,459,0.0
1.0,1.0,2,1.0,70593.8550871346,13823.3269780714,108711.545226592,240,0,2,26,0,448,1.0
0.0,0.0,0,1.0,86342.3013467973,28722.7131660799,222242.51436299,60,0,0,40,0,563,1.0
0.0,1.0,0,1.0,54373.4488576357,0.0,117047.015474272,120,0,1,33,0,529,1.0
0.0,1.0,0,1.0,75416.0443997594,20157.1961917013,218739.898502738,300,1,2,28,1,849,0.0
1.0,1.0,2,1.0,24035.7052118178,0.0,239850.825824897,300,0,1,39,0,349,1.0
1.0,1.0,1,1.0,57873.2599493737,8867.88107524003,187914.119305896,120,0,0,21,0,366,0.0
1.0,1.0,0,1.0,42031.7065730328,0.0,211428.604103099,240,1,0,36,0,693,1.0
0.0,1.0,3,1.0,90464.7724342451,20328.9172022704,196965.994511622,240,0,0,33,0,357,0.0
1.0,1.0,0,1.0,77903.8644005546,31079.1506111915,109220.411439042,360,0,1,42,0,558,0.0
1.0,1.0,0,1.0,82174.0716116581,14032.3989681311,118046.733358399,300,1,2,21,1,735,0.0
1.0,1.0,0,1.0,54764.8341955781,7650.24898742734,,300,0,0,41,0,625,0.0
1.0,1.0,2,1.0,68838.8129913881,26655.9489514412,215330.853464752,300,1,1,30,1,779,0.0
0.0,,1,1.0,29594.2641551878,12213.4366612069,183630.644554492,300,1,2,45,1,821,0.0
1.0,1.0,1,1.0,45061.5342985966,917.732316925499,195404.514913106,120,1,2,30,1,651,1.0
1.0,1.0,0,0.0,86426.0806454602,10202.8110323386,235048.575970824,300,1,1,25,1,751,1.0
0.0,1.0,0,1.0,39077.5782987499,9818.65943333142,82446.2770774251,240,0,2,28,0,508,1.0
0.0,1.0,0,1.0,53623.0728901053,22254.1882715776,113927.962508489,60,1,0,25,1,684,0.0
1.0,1.0,1,1.0,83631.3543283829,6863.35424862447,171797.316194966,60,0,2,28,0,585,0.0
0.0,0.0,3,1.0,91796.7795636136,9255.13294583724,225797.257314711,240,1,2,30,1,765,0.0
1.0,1.0,1,1.0,78384.578691504,6968.89166046685,179929.754572219,300,1,2,26,1,657,1.0
1.0,1.0,1,1.0,38378.733448002,12621.9296257406,,240,1,2,42,1,799,0.0
1.0,1.0,0,0.0,70229.9915072372,5738.36736516791,96487.2279992792,120,1,1,32,1,693,1.0
1.0,1.0,0,0.0,68895.4761566318,16928.6184315019,175215.950778228,180,1,2,33,1,835,0.0
1.0,1.0,1,0.0,69527.1553871243,29113.5686174562,204343.174486091,120,1,1,43,1,685,0.0
1.0,1.0,0,0.0,59932.5108517809,15998.2631509976,176899.183607547,240,1,2,34,1,846,0.0
1.0,1.0,3,0.0,22841.9709720342,0.0,113719.127171835,240,0,1,44,0,632,0.0
,,2,1.0,46427.1387741179,22654.3749437501,109214.697595032,300,1,1,32,1,680,0.0
1.0,0.0,1,,28589.9879275364,5689.98288367558,158075.67496192,180,1,1,31,0,696,1.0
1.0,1.0,0,1.0,73641.0413142523,3987.13510160172,116610.880285585,60,1,2,30,1,704,1.0
,1.0,0,1.0,65533.8159866003,18374.8207472639,53381.3956252095,180,0,2,49,0,507,0.0
0.0,1.0,2,1.0,28104.8808367333,15716.6855388024,94154.024404392,120,1,0,26,1,755,0.0
1.0,0.0,0,0.0,55928.3927979527,10563.9316979261,111161.304540647,360,1,2,28,1,839,0.0
1.0,1.0,0,1.0,21718.7985882506,17263.0420774513,210454.3199007,120,1,2,32,1,807,0.0
1.0,1.0,3,1.0,48938.2036617173,17510.0354315014,73827.897093219,300,1,1,34,1,770,0.0
0.0,0.0,2,1.0,15235.3753335005,0.0,158300.942393728,180,1,0,35,1,704,
1.0,,2,1.0,59611.6078822453,10958.4284052069,225564.156205537,240,1,2,34,1,793,
1.0,1.0,1,0.0,66966.8347849225,0.0,142770.661633677,360,0,0,28,0,311,0.0
0.0,1.0,0,1.0,46105.7373782188,12976.6109312991,106884.653191815,300,0,1,41,0,444,
0.0,1.0,1,1.0,80650.9240868331,23601.8263839515,185924.514865856,300,1,0,41,1,793,0.0
1.0,,3,1.0,71670.8860602377,2704.73748782613,187709.39805162,60,0,1,27,0,435,1.0
1.0,0.0,3,1.0,86515.9329508438,2016.74060331097,227748.136386288,120,0,1,34,0,302,0.0
0.0,1.0,0,0.0,72444.142880868,13965.3721015307,75438.6084304768,240,0,0,28,0,443,0.0
0.0,1.0,0,1.0,54377.9941422809,12021.3319504313,122785.585342225,180,0,1,34,0,329,0.0
0.0,1.0,0,0.0,60711.3214806598,8991.70360904085,140547.103957381,60,1,2,44,1,672,1.0
1.0,1.0,1,0.0,26140.8637160922,26870.7767874175,139987.308659361,60,0,2,49,0,647,0.0
1.0,0.0,1,1.0,53572.2831669401,10551.931618295,178608.656551873,120,1,2,37,1,764,0.0
0.0,1.0,0,1.0,27728.7720424651,0.0,153307.05575745,180,0,1,38,0,403,0.0
1.0,1.0,0,0.0,54983.339670899,26799.8852968978,172973.75294845,60,1,1,42,1,767,0.0
1.0,1.0,1,0.0,79185.4165217041,27744.2842668758,102356.947970684,120,0,2,41,0,304,1.0
1.0,0.0,0,0.0,62128.6045538379,5759.37192658934,118234.731518916,60,1,2,24,1,753,0.0
0.0,1.0,0,,37575.1251981121,13517.7711115687,135166.563166276,120,1,2,40,1,757,
0.0,1.0,1,1.0,57860.5706028304,8439.65241759345,164264.097558374,180,0,0,37,0,620,0.0
1.0,0.0,1,1.0,15000.0,34941.2374073443,218076.910142405,240,1,1,29,1,770,0.0
0.0,0.0,1,0.0,76450.8982420637,731.734232186576,215279.135790526,360,0,2,38,0,585,0.0
0.0,0.0,3,1.0,40871.2724636398,11015.5472501063,218706.791207505,360,1,2,50,1,798,1.0
1.0,1.0,1,1.0,36926.1543732028,9673.93243326503,153618.019495419,60,1,2,41,1,733,0.0
0.0,1.0,2,1.0,40398.7539631877,0.0,108290.29530631,120,1,2,41,1,847,0.0
1.0,1.0,1,1.0,62747.0495881407,10971.6657152519,129866.589438163,120,0,2,25,0,530,0.0
1.0,1.0,1,1.0,76270.1927200127,21078.40338735,,180,1,1,32,1,681,1.0
0.0,1.0,2,1.0,58132.262822001,19006.4163833983,178243.206607797,120,0,2,41,0,460,0.0
1.0,1.0,1,1.0,82336.675510599,21506.6762879208,195590.67967854,300,1,1,41,1,665,0.0
0.0,1.0,0,0.0,56960.6523536792,0.0,98408.6724635782,180,1,0,41,1,687,0.0
1.0,1.0,0,1.0,102878.881786506,12782.1859628386,142174.808489539,180,0,0,33,0,525,0.0
0.0,1.0,0,0.0,49208.1755852573,22344.2585280966,243361.56435904,120,0,2,46,0,441,0.0
1.0,1.0,1,1.0,15000.0,7652.5678652729,140069.892232325,120,0,0,51,0,591,0.0
1.0,0.0,0,1.0,72965.6086768771,32303.2181485716,170076.93178596,180,1,0,40,1,800,0.0
0.0,1.0,0,0.0,100121.857763182,9997.38983413324,163264.41723919,240,0,1,43,0,413,1.0
1.0,1.0,3,1.0,46691.5540374107,19080.9605856994,175886.038201353,240,0,2,30,0,536,0.0
1.0,,0,1.0,31849.7661056435,24360.5616793601,70737.6994635071,180,1,2,36,1,715,1.0
1.0,1.0,1,1.0,77064.030901031,17424.5018063581,147230.323725883,120,0,2,36,0,640,0.0
1.0,0.0,3,1.0,63285.8953074113,1675.50219001795,228198.066842985,300,1,1,48,1,651,0.0
0.0,1.0,0,1.0,74793.0630344934,15644.0752243194,137964.871407634,60,1,1,35,1,850,0.0
0.0,0.0,0,1.0,43794.9512597123,710.953934882732,86755.5577948645,360,0,1,33,0,630,0.0
0.0,1.0,0,1.0,65870.7505993728,11742.6110681738,136723.856928332,360,1,2,36,1,716,1.0
1.0,0.0,0,1.0,71067.7796614885,21121.7161861858,166497.939392021,360,0,2,46,0,479,0.0
0.0,1.0,3,1.0,59474.7841346029,3570.57453616784,246242.274756176,300,0,2,42,0,489,0.0
0.0,1.0,1,1.0,87569.3471090761,20224.4521092669,121651.180449786,240,0,1,40,0,453,0.0
0.0,1.0,3,1.0,39544.1486960318,18225.046602899,166598.196428327,120,1,2,44,1,845,0.0
1.0,1.0,0,1.0,86902.9524090482,11348.6706220421,166333.546077108,300,1,1,32,1,704,0.0
1.0,1.0,0,1.0,55378.6104508463,22125.0444209216,200554.850279349,180,0,2,24,0,561,0.0
1.0,1.0,1,1.0,47088.5585592921,14329.8995827477,20000.0,300,0,2,28,0,442,0.0
1.0,1.0,0,0.0,52002.0187573772,17951.9536815883,143141.754456294,180,1,2,52,1,735,0.0
1.0,0.0,2,0.0,43352.8885379154,16514.0739062477,185920.584888831,180,1,2,41,1,709,
1.0,1.0,0,1.0,83837.9866882714,14790.7896261692,88780.0113389485,120,1,0,40,1,750,1.0
1.0,1.0,3,1.0,48281.4465336448,10153.7143539991,203796.70613504,360,0,2,41,0,543,0.0
1.0,1.0,0,0.0,40306.9043030547,25864.8012289038,69990.535661892,60,1,1,28,1,661,0.0
1.0,1.0,0,0.0,80451.4086401928,7576.13629569265,104779.974883456,60,1,2,34,1,698,0.0
1.0,1.0,1,0.0,62613.8004892876,24948.6869378793,135374.190322532,360,1,0,46,1,691,0.0
1.0,1.0,1,1.0,72190.520904172,3848.73737336512,195361.733002881,60,0,2,38,0,465,1.0
0.0,1.0,2,1.0,69430.8476083641,30874.0060241553,88654.2161852379,300,1,2,21,1,731,0.0
1.0,1.0,2,1.0,45297.6639855082,0.0,152464.871260857,60,1,2,26,1,822,0.0
0.0,1.0,1,1.0,63871.7982273508,5084.72958895367,99764.7569646602,60,0,0,28,0,590,1.0
1.0,1.0,3,0.0,60204.6612203917,4180.85631286867,90580.7664629964,300,1,0,21,1,807,0.0
1.0,1.0,0,0.0,93451.447736754,14169.1067225681,242755.928651767,360,0,2,37,0,515,0.0
1.0,1.0,2,1.0,18012.8747116194,14026.5403110726,222350.230879253,60,0,2,40,0,457,0.0
0.0,0.0,1,0.0,71162.7902903701,23848.4258280115,181601.161180851,60,1,0,35,1,783,0.0
1.0,0.0,0,1.0,75503.1098806956,11642.1406102025,65145.1928355272,120,0,2,39,0,366,0.0
1.0,1.0,0,1.0,48344.8268477683,15903.0979920643,178998.60855168,120,1,1,32,1,729,
0.0,1.0,0,1.0,76588.1116236697,16587.5605093754,187950.648529109,180,0,2,41,0,306,0.0
1.0,1.0,2,1.0,63463.6185170236,0.0,185383.912201362,300,0,2,21,0,313,0.0
1.0,1.0,3,1.0,69428.311127728,12073.1454102472,161151.015148108,180,0,1,28,0,372,0.0
0.0,1.0,2,1.0,85812.8892184509,7716.0968675829,199999.55025298,120,0,1,40,0,462,0.0
1.0,1.0,2,0.0,42785.4167320932,15738.8693612455,140709.719495011,120,1,0,30,1,715,0.0
0.0,0.0,1,0.0,89814.522736999,28954.3408219918,269229.890016573,120,1,1,36,1,740,0.0
,,1,1.0,35409.0081109516,21082.6716634418,159162.095522935,240,1,2,37,1,779,0.0
1.0,1.0,0,1.0,36334.8297466844,8713.29752969139,217466.196390536,300,0,2,31,0,505,0.0
0.0,1.0,1,1.0,40921.2116120671,5129.53821063684,136444.242581904,180,0,1,35,0,575,0.0
1.0,1.0,0,1.0,53592.2988112641,11855.5620970237,114233.121545266,120,1,2,36,1,659,1.0
1.0,1.0,0,1.0,95506.2178521902,11924.285828842,139735.373918574,180,1,1,21,1,674,0.0
1.0,1.0,0,1.0,94212.2674516385,21151.6398427858,56551.2962086561,120,0,2,29,0,580,1.0
1.0,1.0,2,1.0,56101.8343929463,10952.046205797,100844.842642792,60,1,2,38,1,703,0.0
1.0,1.0,0,0.0,38493.7521390152,5051.43647532458,155119.109917382,120,1,2,23,1,682,0.0
1.0,0.0,1,1.0,71975.8877912382,14880.0265537227,98110.2263490908,180,1,2,47,1,813,0.0
1.0,0.0,0,1.0,42434.7349435306,22735.4761510701,176703.147815847,120,0,1,45,0,394,1.0
0.0,0.0,1,1.0,47972.6471209757,14181.056204275,124101.635039174,240,1,2,32,1,663,
0.0,1.0,1,1.0,92899.3542700256,0.0,167554.564583836,300,0,2,32,0,620,0.0
1.0,1.0,1,1.0,61959.6630694179,12153.7449574632,162239.230980175,300,0,1,34,0,409,1.0
0.0,1.0,2,0.0,45712.9716394726,19484.8545419644,102492.373497406,60,0,2,35,0,635,1.0
1.0,1.0,2,1.0,30104.8770710071,2991.81000164959,164241.984767772,120,0,1,34,0,609,0.0
1.0,1.0,1,1.0,64206.0608044399,31037.0185546693,227305.42802157,300,0,2,46,0,537,1.0
0.0,0.0,1,1.0,67404.2377988348,12326.8297683219,90141.6703654884,180,1,1,34,1,774,0.0
0.0,1.0,2,1.0,68800.2890010666,23789.6397307065,206684.424904925,360,1,1,36,1,829,0.0
,1.0,0,1.0,60389.1651103776,8239.2928470639,134977.859558622,180,1,1,28,1,780,0.0
1.0,1.0,0,0.0,43278.1665956074,19670.9094399357,151513.43355543,120,0,1,21,0,324,0.0
1.0,1.0,2,1.0,67813.9184185628,9500.75167535654,198531.683630572,240,0,1,40,0,440,
1.0,0.0,2,0.0,61237.6670577427,6385.56570535713,173127.396139887,120,0,2,39,0,416,1.0
1.0,1.0,0,1.0,65342.5330202296,19279.6262655263,109845.770964047,300,0,0,34,0,324,0.0
0.0,0.0,2,0.0,69287.3972709314,0.0,186199.851620095,360,1,1,36,1,728,0.0
0.0,1.0,0,0.0,80205.4917367203,29658.3597860296,164163.497507329,300,1,1,47,1,717,0.0
1.0,1.0,2,1.0,38545.1394852038,2434.34664054564,148933.380918445,120,0,1,27,0,472,0.0
1.0,1.0,3,1.0,39273.8150525246,7581.56838991524,161315.797644923,120,1,2,42,1,837,0.0
0.0,0.0,1,0.0,29725.7121477434,16918.8954502164,126593.77331019,360,0,2,29,0,311,1.0
0.0,1.0,0,1.0,32489.7822086251,5099.8628609686,184763.461354437,360,0,2,33,0,587,0.0
1.0,1.0,2,,50579.2338876335,15317.5945658145,103975.560613021,240,0,1,53,0,427,0.0
1.0,1.0,2,,33823.5920176177,5493.09306584744,201394.19457167,240,1,1,39,1,745,0.0
0.0,0.0,0,1.0,68173.0562296134,9072.97177042893,,120,1,2,44,1,741,0.0
1.0,1.0,0,1.0,87780.4872592552,12917.9474201003,,360,1,2,38,1,790,0.0
0.0,1.0,1,1.0,59588.7888529898,29744.8200737825,108852.568706882,120,1,2,43,1,680,0.0
1.0,1.0,0,0.0,63329.0441642611,39412.2172247191,257860.794372386,300,0,2,36,0,633,1.0
1.0,0.0,0,1.0,63200.3645170557,17496.0945820971,230903.424058302,240,0,1,21,0,319,0.0
1.0,0.0,2,0.0,87020.31504974,23509.8267850676,163873.962066873,240,0,2,51,0,445,0.0
0.0,1.0,0,1.0,51641.8090846821,14472.4489199923,151442.444739659,240,0,2,33,0,615,1.0
1.0,1.0,0,0.0,55486.8723857549,25692.8370639518,161365.689774615,300,1,1,38,1,840,0.0
1.0,1.0,0,1.0,61683.3646037139,27120.9071932273,115696.923672816,300,1,2,39,1,783,
,0.0,0,1.0,63536.4174427879,26649.9088256392,85154.3693364008,300,1,2,42,1,809,1.0
1.0,0.0,2,0.0,56886.4552921584,26568.3378103698,70457.7071570652,360,1,1,33,1,742,1.0
0.0,1.0,1,1.0,85045.6732391328,22145.497614635,56708.0122398282,60,0,1,39,0,342,1.0
0.0,1.0,1,1.0,45899.7628848318,9155.99023403969,173975.528147065,240,0,2,54,0,553,0.0
1.0,,2,0.0,15000.0,24954.1519044947,85530.8955448303,300,1,2,32,1,779,1.0
1.0,1.0,0,1.0,72771.8491755474,20789.2864857123,150015.930573253,240,1,2,44,1,709,0.0
1.0,1.0,0,1.0,47509.7908982284,3150.48058773925,152355.234887965,240,0,2,35,0,450,0.0
1.0,0.0,1,1.0,63161.0697984026,5010.63623754408,125217.562356032,60,1,1,41,1,680,0.0
1.0,1.0,2,1.0,56281.5103810245,22631.4230070965,174011.463095285,180,0,2,35,0,304,1.0
1.0,1.0,3,1.0,50223.0115642745,148.138373000678,239069.985830042,120,1,2,41,0,811,1.0
0.0,1.0,1,1.0,93072.3453698457,16165.0805247587,154461.414343737,240,0,1,32,0,565,0.0
1.0,1.0,1,1.0,38466.4174505797,12245.1768482097,157202.611576324,120,0,2,35,0,644,1.0
1.0,1.0,2,1.0,83186.5960672849,7970.88561960432,156471.083840765,240,0,1,22,0,429,0.0
0.0,1.0,0,1.0,56637.1236283042,8108.88202278209,188746.805355423,180,1,2,25,1,775,1.0
1.0,0.0,1,1.0,87529.9290003907,29086.1949344591,110807.913045765,240,0,2,29,0,566,1.0
0.0,1.0,0,1.0,26750.1602392865,4824.15222786624,225817.373289959,240,0,2,41,0,477,0.0
1.0,1.0,2,0.0,43834.0342928969,15722.5204823791,188636.418895969,300,0,1,38,0,552,0.0
0.0,1.0,1,0.0,15000.0,14720.3058551301,,180,1,1,49,1,808,0.0
0.0,1.0,1,1.0,64815.0635897713,4366.45500169681,93773.9160193052,180,1,2,35,1,705,0.0
,0.0,1,1.0,76142.4519327462,10850.8372187967,205881.622080197,360,0,1,47,0,382,1.0
1.0,1.0,2,1.0,50069.3652903606,6651.70089453326,164814.768275183,240,1,1,29,1,786,1.0
1.0,1.0,3,1.0,45016.5654679351,18963.1968200786,190452.714454388,300,1,1,27,1,748,0.0
0.0,1.0,2,0.0,70119.3110691173,11002.2948855694,183416.661480308,180,1,0,38,1,798,0.0
0.0,0.0,1,1.0,100204.090775327,1776.52565316704,93473.9771983519,360,0,1,27,0,628,0.0
1.0,1.0,2,1.0,47049.1638872968,24669.5664534481,196096.830064267,180,0,0,42,0,455,0.0
0.0,1.0,1,1.0,84051.5301045045,15395.6972413364,176629.824380703,180,0,2,29,0,489,1.0
1.0,0.0,0,1.0,49820.72748585,964.413704363374,130826.099053805,240,1,2,38,1,764,1.0
1.0,0.0,2,1.0,74552.5908727396,394.991005815121,172566.14123717,360,0,1,61,0,562,1.0
1.0,1.0,1,1.0,60484.3891334551,0.0,135328.429884334,60,1,2,41,1,729,
0.0,1.0,0,0.0,67848.3193435753,0.0,211231.936560758,240,1,2,39,1,793,
1.0,0.0,0,1.0,37490.2190540324,36966.4605497895,227859.331618837,360,1,2,41,1,746,0.0
0.0,1.0,1,1.0,68477.7896488797,12422.754384137,201443.872083947,60,1,2,36,1,653,0.0
1.0,1.0,2,1.0,40148.4398654235,13825.8969965513,176327.388957684,300,0,2,54,0,559,0.0
1.0,1.0,0,1.0,38675.3013620154,11613.3094611624,119570.409721536,300,1,2,39,1,752,0.0
0.0,1.0,1,0.0,58852.1859399691,24035.206838035,102851.831377511,360,1,1,36,1,689,0.0
0.0,1.0,1,0.0,,23983.5956834698,227005.391187201,300,1,1,32,1,666,0.0
0.0,0.0,1,1.0,43360.9016501109,0.0,153903.885694799,360,1,2,27,1,750,0.0
0.0,1.0,1,0.0,47004.6954630346,24559.3582233076,123860.939171691,240,1,0,37,1,752,0.0
,1.0,0,1.0,64410.8285402773,0.0,121490.320115092,240,1,1,26,1,773,1.0
0.0,1.0,1,1.0,25501.6433497393,19790.0314339275,150949.954112993,240,1,0,44,1,701,0.0
1.0,1.0,2,0.0,51806.26814741,5604.34832746041,97057.0995571002,240,1,1,26,1,701,0.0
0.0,1.0,0,1.0,47740.3345745862,2916.96484340667,136485.384118775,360,1,2,25,1,813,0.0
1.0,0.0,1,1.0,61038.9177161459,26912.6068163183,93165.3440539592,300,1,1,28,1,773,1.0
1.0,1.0,2,1.0,84674.4855667238,4269.08671637384,262980.101387123,240,1,2,38,1,815,0.0
0.0,1.0,0,1.0,53397.5981206709,19283.5291377144,149993.415688653,180,0,1,35,0,530,
0.0,1.0,2,0.0,15000.0,14879.7597108681,102013.383258353,120,1,2,21,1,827,0.0
1.0,1.0,0,1.0,58238.1751194185,32945.2484839221,199720.514060881,120,1,2,32,1,712,
1.0,1.0,2,1.0,63597.8830230695,18144.4459087485,162263.84661088,180,0,0,30,0,415,1.0
0.0,1.0,0,0.0,37478.9207817789,8113.05566554765,106467.860451666,180,1,0,32,1,840,0.0
1.0,0.0,1,1.0,92767.1946454188,22528.9108149378,147338.316621828,180,0,1,41,0,361,1.0
1.0,1.0,0,0.0,70080.9303103568,8808.77051750068,123500.353414826,120,1,0,35,1,656,0.0
1.0,1.0,0,1.0,66349.0652250035,13978.9694110856,229305.706571065,360,0,1,47,0,454,0.0
0.0,1.0,3,,85921.2612356279,21867.7407050335,94508.0255365046,60,1,2,27,1,741,0.0
0.0,1.0,1,1.0,73587.46565913,39598.7198502938,180336.500126005,60,0,2,34,0,313,1.0
0.0,1.0,1,1.0,46259.71800601,14876.3406175763,155892.216307065,60,1,1,23,1,848,1.0
1.0,1.0,0,1.0,60026.5137746881,7262.19421109342,240865.54098628,360,1,2,42,1,735,0.0
1.0,1.0,3,1.0,38369.0399277121,930.225378960112,217672.578073805,60,1,2,40,1,782,
1.0,0.0,2,1.0,55606.6109529808,0.0,152101.951849861,360,0,0,43,0,482,0.0
1.0,1.0,2,1.0,85825.4767803175,23844.4243738173,88561.0324547493,60,0,1,31,0,361,0.0
0.0,1.0,1,1.0,51694.2417219839,17450.386643154,130435.005505081,60,0,2,43,0,518,0.0
0.0,1.0,1,1.0,67155.7472069656,9477.38747887391,166543.176553345,60,0,1,39,0,545,0.0
0.0,1.0,0,1.0,22939.6303420486,24334.2295447586,27914.6506548756,360,1,2,36,1,728,0.0
0.0,1.0,0,1.0,50998.6905704151,20214.4939905952,36341.3898726584,180,1,2,36,1,798,0.0
1.0,1.0,0,1.0,29248.3040710164,24878.615824065,84079.9308763266,300,1,0,46,1,787,0.0
0.0,0.0,1,0.0,62527.5915909282,21183.6056625966,107401.437747501,180,1,2,34,1,707,0.0
0.0,,1,1.0,39698.1161634426,44928.1057006064,160162.38656527,60,1,2,28,1,769,1.0
1.0,1.0,1,,67603.9570201192,15578.6404742675,169988.995880842,120,1,1,38,1,816,0.0
1.0,0.0,2,0.0,58033.207464105,5352.10262370314,249444.231937742,240,1,1,38,1,782,0.0
0.0,1.0,1,1.0,57607.6075126245,8832.69890043598,139604.384496694,120,1,0,29,1,714,0.0
1.0,1.0,1,1.0,60764.7598992005,7795.44929324941,138971.87327955,180,0,1,32,0,312,1.0
0.0,1.0,0,1.0,59019.4131832392,2104.99930276019,147220.473840036,60,0,1,55,0,512,0.0
1.0,0.0,3,1.0,46151.5804025228,5599.84067876245,158691.176262242,300,0,1,38,0,541,0.0
1.0,0.0,2,1.0,44817.346768926,19394.5269045799,130246.654693639,360,0,1,42,0,512,0.0
0.0,0.0,1,1.0,83187.6208660104,25421.9057698301,192500.213398479,360,0,2,48,0,480,
0.0,1.0,3,1.0,67028.9641508316,7925.60455187812,135105.232762823,120,1,2,26,1,731,0.0
1.0,1.0,0,1.0,62781.2079730683,23083.595496657,189050.447730357,60,1,2,45,1,822,1.0
1.0,1.0,2,1.0,77232.7224899588,25271.5103589315,154765.16995768,300,1,2,21,1,809,0.0
1.0,0.0,3,,100841.520802874,10042.940534251,199338.080874141,240,0,1,34,0,463,0.0
1.0,0.0,1,1.0,67727.6530769612,11682.2122822787,205460.399129336,360,0,2,48,0,487,0.0
1.0,1.0,0,0.0,103301.121356132,14977.6188352581,165656.170859649,60,0,2,40,0,490,0.0
1.0,1.0,2,1.0,64011.3839446188,26892.2646125578,152760.400449616,120,0,2,32,0,607,0.0
1.0,1.0,3,0.0,48718.4273852654,1988.90733608654,216130.892063038,120,0,1,38,0,555,1.0
0.0,1.0,0,1.0,47847.0730925305,40031.7179090571,197458.303511908,360,0,1,28,0,482,1.0
0.0,,2,0.0,82116.6613258942,16778.2979970543,125345.026951185,120,1,2,33,1,766,0.0
1.0,1.0,0,1.0,60697.7589417881,2973.28492228008,89116.4311196758,120,1,2,33,1,675,0.0
1.0,0.0,0,0.0,36460.7577446006,13135.6358417844,78868.3265392797,360,1,1,38,1,845,1.0
1.0,1.0,3,1.0,21839.9572575338,12835.8128836162,85631.0703432327,240,0,1,37,0,333,0.0
1.0,0.0,1,1.0,58995.9076591651,27146.667801329,90643.4833858338,300,1,2,31,1,701,0.0
0.0,0.0,0,1.0,47524.6207860839,0.0,122658.07724026,60,1,2,32,1,761,1.0
1.0,1.0,0,1.0,59026.9529685909,27428.6256285831,176986.183986915,120,0,2,44,0,551,
1.0,1.0,1,1.0,40482.5349404533,12354.5410129527,90921.6710448794,240,1,1,21,1,731,0.0
1.0,0.0,0,1.0,93573.4934674513,17736.601192125,169524.214693716,300,0,2,44,0,531,0.0
1.0,0.0,1,1.0,42093.0735527395,0.0,92570.834238063,300,0,2,21,0,526,1.0
1.0,1.0,1,1.0,81079.7154236575,11474.5375726338,179224.439432373,360,0,2,29,0,532,0.0
1.0,1.0,2,1.0,53895.5059129066,27434.2827810292,170197.020803415,300,1,2,41,1,829,0.0
1.0,1.0,3,1.0,92989.6178864784,22331.7931742255,195868.332473892,300,1,2,28,1,806,0.0
1.0,1.0,0,,67012.6019854711,23918.6302216074,115722.271425824,240,1,0,21,1,815,1.0
1.0,0.0,2,1.0,92519.1783072412,1503.50329779859,128185.490450292,300,1,1,33,1,691,0.0
0.0,1.0,2,1.0,44864.7204596814,6965.65725828742,144089.577721452,120,0,2,39,0,320,0.0
1.0,1.0,0,1.0,49370.9089728157,18607.5575466383,62128.8314798622,360,1,0,46,1,691,0.0
1.0,1.0,2,1.0,79520.8143871189,39412.5584526534,,180,0,1,42,0,412,0.0
0.0,1.0,0,,48997.6943412692,2756.12726642045,109803.982788028,240,0,2,33,0,404,0.0
0.0,1.0,1,0.0,55502.9388841029,14237.2184826041,137947.289270301,60,1,1,42,1,841,0.0
1.0,1.0,2,1.0,87514.1362662323,18955.9883476294,204468.99180773,60,1,2,24,1,666,1.0
0.0,1.0,1,1.0,65107.6751134863,17084.9197057558,137317.977305374,240,0,0,30,0,419,1.0
1.0,1.0,0,1.0,65735.4822476517,10939.7084558728,23587.7449843142,180,0,2,43,0,428,0.0
0.0,1.0,1,0.0,51423.0414878785,42148.1693948632,76844.937437515,300,0,2,41,0,429,0.0
1.0,1.0,0,1.0,99251.7438106159,13616.6471798362,132940.013365335,120,1,2,27,1,709,0.0
1.0,0.0,2,0.0,102495.428060339,29664.4239118858,147668.761739266,60,1,1,33,1,697,1.0
0.0,1.0,3,1.0,81407.3032045986,6445.17304074418,97373.847250131,240,1,2,47,1,678,1.0
1.0,1.0,3,0.0,92782.3361088813,27863.8213699553,193229.239587588,60,0,2,45,0,396,0.0
0.0,1.0,0,1.0,82856.4562903004,20519.6425933182,112040.822691624,300,0,2,47,0,309,0.0
1.0,1.0,0,1.0,69641.3345467077,12316.3120086261,56924.33196704,360,0,0,24,0,541,1.0
0.0,0.0,0,1.0,71771.0653954143,24465.7700357338,104119.200544683,120,1,2,33,1,707,0.0
1.0,0.0,0,1.0,38526.2268216449,13071.9391269258,203942.478325448,240,1,2,30,1,837,1.0
1.0,0.0,0,0.0,68403.8308578998,7980.42701704878,237352.957227675,60,0,2,33,0,531,1.0
1.0,1.0,0,1.0,29288.5575358578,28801.3893886851,119717.218324468,360,1,2,26,1,670,0.0
1.0,1.0,0,1.0,56882.0364412666,11139.772021293,113650.258714147,240,1,1,35,1,677,0.0
0.0,1.0,0,0.0,63373.0934393345,24625.0259195329,252575.473204279,240,1,1,27,1,683,1.0
0.0,0.0,2,1.0,84990.0980141231,18120.6213172673,87035.2224059981,360,1,2,29,1,657,
1.0,0.0,3,1.0,41179.5459866724,6133.60830795401,170327.106913334,120,0,2,32,0,513,0.0
1.0,1.0,0,1.0,67139.4551853385,0.0,110193.424722852,300,1,2,41,1,849,0.0
1.0,1.0,3,0.0,31725.7100619004,8433.75929200295,206311.909421819,360,0,2,24,0,378,0.0
0.0,1.0,3,1.0,47862.6964428564,24811.4971557035,194447.000279651,60,0,0,35,0,642,
0.0,1.0,0,1.0,64335.5112752525,19352.115282896,160041.214483723,360,1,1,33,1,737,0.0
1.0,0.0,1,1.0,57316.3957864615,13835.1164736896,153984.703369135,240,1,2,23,1,822,0.0
1.0,0.0,3,1.0,64804.1168789244,8070.42995468784,216522.583578115,240,1,1,49,0,718,1.0
1.0,0.0,0,0.0,61562.8612593929,32464.9063159462,189751.072963458,240,1,0,55,1,809,0.0
1.0,0.0,0,1.0,86563.8828369811,25522.1115595705,112671.832386504,180,0,0,33,0,386,0.0
1.0,1.0,3,1.0,88410.0857454212,3609.38492383648,189486.6062316,60,1,2,39,1,750,0.0
1.0,,0,1.0,45960.1662438648,17812.304922186,304829.444807127,300,1,2,37,1,657,1.0
1.0,0.0,3,1.0,84868.1159437432,19213.602543067,117094.325345415,60,0,2,39,0,632,1.0
1.0,1.0,2,1.0,40032.2912162341,15118.6267918078,95820.1727663731,180,1,2,31,1,849,1.0
1.0,1.0,1,1.0,61961.3507907788,0.0,146985.9625486,60,1,2,30,1,736,0.0
1.0,1.0,2,,39519.4281822724,4742.76605025392,167937.069405415,180,1,1,40,0,692,1.0
1.0,1.0,1,1.0,81430.8630446977,3322.42584100078,147430.253640373,360,1,2,40,1,778,0.0
1.0,1.0,1,1.0,64464.7782825832,11195.4409583364,151989.9727058,180,1,0,42,1,758,0.0
1.0,1.0,2,0.0,89797.2687720416,14748.1131647052,53427.3855451889,240,0,1,43,0,451,0.0
1.0,1.0,0,1.0,73857.1516847487,27519.4745451315,201359.57800202,240,0,1,38,0,316,0.0
0.0,,0,1.0,66263.6894772996,26911.7304494009,169543.495390098,180,1,2,22,1,782,1.0
,1.0,2,1.0,67891.5997096844,20855.2153285686,133679.118692595,240,1,2,40,1,797,1.0
0.0,0.0,0,0.0,60269.0072923858,12305.0624429601,200449.573846582,180,0,2,44,0,576,0.0
1.0,1.0,3,0.0,67792.283547418,15075.6018039413,193045.505227073,180,1,2,22,1,707,0.0
1.0,0.0,3,1.0,62935.8602397109,13219.7670993616,152772.666757884,60,0,2,37,0,527,1.0
1.0,1.0,1,1.0,37869.4818251665,18377.660990546,169105.858529625,180,0,2,37,0,438,0.0
1.0,1.0,2,1.0,54853.9999876442,5071.31294621301,205607.453140329,180,0,2,37,0,510,1.0
1.0,1.0,0,1.0,79356.520480504,6143.31815993584,160053.349501569,120,1,1,28,1,784,1.0
0.0,0.0,0,1.0,69452.6069168681,16104.1804694611,126875.042340001,60,1,2,33,1,677,1.0
0.0,1.0,2,1.0,74620.0125357096,0.0,149124.131855212,360,0,1,52,0,350,1.0
1.0,0.0,3,1.0,29620.6043837337,30330.1254224918,141013.374299493,360,0,2,33,0,560,0.0
1.0,1.0,0,1.0,79653.6628553988,0.0,130614.156675421,120,1,2,49,1,654,0.0
1.0,0.0,0,0.0,66522.6604448423,24970.5935645364,221163.246053283,240,0,1,39,0,649,0.0
0.0,0.0,1,1.0,42634.7807680333,0.0,143499.301337243,300,1,2,36,1,745,0.0
1.0,,0,1.0,40172.1530108738,21865.6774675317,189606.869957273,360,0,2,28,0,307,0.0
0.0,0.0,2,1.0,64156.0501470662,18842.0922164946,133751.027786933,300,1,2,21,1,713,0.0
1.0,1.0,1,1.0,61906.8839888261,19235.0787402203,208533.939435325,300,0,1,21,0,437,0.0
1.0,1.0,2,0.0,97045.5636901787,10751.6865247436,91292.8813759442,60,0,1,40,0,337,0.0
1.0,1.0,0,1.0,61453.6104865868,20704.8608607969,137052.058261624,240,1,0,33,1,760,0.0
1.0,0.0,0,1.0,70275.7190182441,16291.8747333171,179384.74509339,240,1,2,42,1,761,1.0
1.0,0.0,0,1.0,82797.5712225809,6604.72441982342,160019.739243817,240,0,0,21,0,519,1.0
1.0,1.0,0,0.0,31947.8945640061,2296.37953674913,157099.472528779,120,0,2,57,0,636,0.0
0.0,1.0,1,1.0,36094.1247280151,14500.8976695883,227365.549154383,180,1,1,21,0,785,1.0
0.0,1.0,0,1.0,97081.8513266837,21700.4967181552,121531.940395456,60,1,0,34,1,753,0.0
0.0,1.0,0,1.0,45846.6106876243,1547.90329191397,208817.202808572,300,1,2,30,1,802,0.0
1.0,1.0,1,0.0,46656.2183044498,27998.712435306,,360,1,0,32,1,722,0.0
1.0,1.0,1,1.0,43314.3637993075,17274.0507899162,150939.809599274,240,0,1,33,0,348,
1.0,0.0,3,0.0,93678.5538291573,22663.884765724,105183.3333514,120,0,2,31,0,591,0.0
1.0,1.0,0,1.0,44820.5860219331,10091.9353350357,222464.621420191,300,0,1,37,0,623,0.0
1.0,0.0,0,0.0,90015.1958126862,20587.2383694448,200996.430271387,360,1,2,30,1,727,0.0
0.0,1.0,1,1.0,15000.0,15748.8758437155,146260.935167434,180,1,2,38,1,754,1.0
1.0,1.0,0,1.0,32028.6485236171,19385.79290921,112076.803853456,240,1,2,32,1,818,0.0
1.0,1.0,0,1.0,54577.5279791486,12864.0675779495,175269.668811023,360,1,2,33,1,771,0.0
1.0,1.0,2,1.0,60060.9204030682,19119.529990618,113754.032855419,120,0,2,37,0,418,0.0
0.0,1.0,3,1.0,87213.171916773,0.0,105601.853169918,180,1,2,51,1,839,0.0
1.0,1.0,1,1.0,53738.8393895369,4222.79254208398,108401.444596073,360,1,1,39,1,763,1.0
1.0,0.0,0,1.0,70925.684960074,16666.3789531183,185303.347492771,360,1,2,35,1,659,0.0
1.0,0.0,0,1.0,61132.9984979421,21353.291952162,112787.831652221,360,1,2,43,1,798,0.0
0.0,0.0,3,1.0,88838.848039052,2487.72084622324,206396.249275841,180,0,2,45,0,463,0.0
1.0,1.0,0,1.0,92190.4133155194,6552.97001297017,148259.384262102,360,0,0,33,0,439,0.0
1.0,0.0,2,0.0,93426.9515087495,8103.44495099056,185216.930057379,360,0,2,34,0,646,0.0
1.0,0.0,1,1.0,71851.3454769466,7289.57842858795,240923.218919079,360,1,2,38,1,651,0.0
1.0,1.0,0,1.0,55535.9549073038,25845.0053029092,84040.24736161,240,0,0,41,0,568,0.0
1.0,1.0,2,0.0,28472.156860315,14071.2549860694,171606.012199188,360,1,2,31,1,830,0.0
1.0,1.0,3,0.0,30981.4421777755,20085.3531762713,179352.121203391,240,0,2,31,0,459,0.0
1.0,0.0,0,1.0,68954.1712003463,15971.5578708624,86435.7875442949,60,0,1,30,0,587,0.0
1.0,1.0,0,1.0,55092.2376799425,13380.4518305867,146205.060746016,240,1,2,23,1,681,0.0
0.0,1.0,0,0.0,45862.148640253,11589.0706785839,223649.178881491,180,1,1,42,0,773,1.0
0.0,0.0,0,1.0,94044.2988927047,19753.3492542749,157023.348786742,180,1,2,27,1,660,0.0
0.0,1.0,2,1.0,,17270.2886038894,155828.282840766,180,1,2,45,1,659,0.0
1.0,0.0,1,1.0,67299.2200493245,10666.1043331384,119774.30697201,240,1,2,40,1,664,0.0
1.0,0.0,3,1.0,29143.935635142,32699.1306765559,95117.8318210694,300,1,2,36,1,666,0.0
1.0,1.0,1,1.0,77792.6159124687,188.542753782843,177376.991008452,300,0,0,30,0,482,0.0
0.0,,1,1.0,83669.8733377985,487.737010988415,196816.869041466,180,0,0,33,0,452,0.0
1.0,0.0,2,1.0,71737.1418760054,30303.3456435441,194936.338700682,120,0,1,26,0,614,0.0
0.0,1.0,3,1.0,49034.2540701879,5842.44958866439,111561.658571965,180,1,1,37,1,727,0.0
0.0,1.0,1,1.0,60490.2034851788,12410.612034216,164741.534460484,240,0,0,24,0,423,0.0
0.0,1.0,2,0.0,52473.9855015,15523.7276872756,141721.05137162,60,0,2,37,0,413,1.0
1.0,1.0,2,1.0,57974.3856259693,20709.4099394219,129682.157431478,300,0,0,21,0,577,0.0
1.0,1.0,3,0.0,20248.6217079821,28366.5735775898,186301.799961466,120,1,2,49,1,807,0.0
1.0,0.0,3,1.0,17562.9020198281,8270.94667990598,227931.400853504,360,0,2,37,0,512,1.0
1.0,0.0,3,1.0,58677.3477074835,0.0,131928.290182484,120,1,2,32,1,821,0.0
0.0,0.0,1,0.0,69471.8486127036,15348.0754049983,168452.602429498,120,1,2,22,1,681,0.0
0.0,1.0,1,1.0,75435.9235447132,28527.5903061476,133033.207779196,60,0,2,28,0,473,1.0
0.0,1.0,0,0.0,83767.8654689616,0.0,192177.514561106,240,0,2,35,0,412,0.0
1.0,1.0,2,1.0,58356.9764321486,5019.05372230964,201244.321638296,300,1,0,43,1,769,0.0
0.0,1.0,0,1.0,66487.185634432,30422.766276613,193263.557864727,240,1,0,39,1,798,1.0
1.0,1.0,2,1.0,69934.2830602246,3859.18641766912,208740.702879284,360,1,2,36,1,771,0.0
1.0,0.0,1,1.0,75129.7670863219,7868.07695633867,160270.663522887,180,1,2,40,1,681,1.0
0.0,1.0,0,1.0,71991.5508249071,11532.5010899175,79550.7850024132,180,0,2,33,0,521,0.0
1.0,0.0,2,1.0,72953.7707620138,5579.39816425755,133610.247206126,360,0,2,31,0,418,0.0
1.0,1.0,0,1.0,69118.083903414,13979.9371987273,124444.73938356,240,0,2,41,0,338,0.0
0.0,1.0,2,1.0,81367.5866738803,23766.0587984218,107820.169373414,240,0,2,43,0,567,0.0
1.0,0.0,2,0.0,81168.4897369917,28528.0053489672,138027.24531172,240,0,2,45,0,532,0.0
0.0,0.0,2,0.0,76216.1654631956,16478.2073903652,227072.859741612,360,0,2,21,0,317,0.0
,0.0,2,0.0,71718.0840232929,25618.1664598973,209379.5909009,300,1,0,33,1,798,1.0
0.0,0.0,2,1.0,68632.6325927519,3903.90632096969,49185.2844788417,60,0,0,29,0,448,0.0
1.0,1.0,0,0.0,42098.6031544679,1006.57834151229,210476.570056813,120,1,1,42,1,775,0.0
0.0,,0,1.0,73783.2891414867,25608.0007180594,41161.0149514075,300,0,2,42,0,601,0.0
,1.0,0,1.0,74422.7072509116,25331.8986436314,195816.447671928,300,1,2,33,1,753,1.0
1.0,0.0,2,1.0,65603.2231763921,19752.5860471731,82782.6997584724,300,0,2,50,0,537,0.0
1.0,0.0,0,1.0,34869.8621144148,5124.77037573005,191961.257233439,360,0,2,40,0,434,1.0
1.0,0.0,1,1.0,33436.2790220313,23202.3239830598,236738.139656178,360,1,1,42,0,800,
0.0,1.0,1,1.0,81333.493791783,2555.13550111134,83467.5458489686,300,0,2,31,0,535,0.0
0.0,1.0,0,1.0,121577.616169104,12559.7164782886,176699.039870933,180,1,1,33,1,735,1.0
1.0,,0,1.0,30517.3573591578,26523.4863896192,122038.710102239,360,0,2,51,0,449,0.0
0.0,1.0,0,1.0,71640.5313416945,30696.2858693949,116253.107154325,360,1,2,29,1,738,0.0
1.0,1.0,1,1.0,62572.3490080993,8994.93364586036,166342.620313046,300,0,1,23,0,321,0.0
0.0,1.0,3,1.0,84010.6331694774,13926.2138158995,138784.658602817,240,0,2,46,0,647,0.0
0.0,1.0,1,1.0,89052.3349097235,19467.0361080914,170682.394914118,360,1,2,48,1,678,0.0
0.0,1.0,3,1.0,65026.332964762,23048.5593818008,150257.157027092,360,1,2,33,1,662,0.0
1.0,0.0,1,1.0,42125.0796183257,12573.3353857287,,360,0,1,44,0,557,0.0
0.0,1.0,0,1.0,65739.1170860341,6544.47823645386,178688.388057229,300,1,1,27,1,678,1.0
0.0,1.0,0,1.0,59273.3878391531,7053.40815854196,132963.961423395,60,0,1,35,0,512,0.0
1.0,1.0,2,0.0,50909.0456251311,8151.87890261104,120541.047515117,240,1,2,31,1,829,0.0
0.0,1.0,0,1.0,98082.7317914601,9540.38072885072,163262.85117902,120,0,0,35,0,582,1.0
0.0,1.0,1,1.0,59559.3027199145,9119.81480963033,119843.995588694,60,1,2,34,1,699,1.0
0.0,1.0,1,1.0,70872.0030918886,34531.0719827257,142345.813349517,300,1,2,33,1,744,1.0
0.0,1.0,3,1.0,44914.4829996128,21249.0359465404,125275.101309251,240,1,1,33,1,800,
1.0,1.0,1,1.0,60760.069563364,18104.7275418075,190261.99289522,180,1,2,24,1,737,1.0
0.0,1.0,0,1.0,69328.5996486705,7651.89102465809,155227.11227746,180,1,1,39,1,693,0.0
0.0,0.0,2,1.0,62461.5640331236,22339.5047836423,207786.635606044,300,1,0,41,1,671,0.0
0.0,1.0,3,1.0,30649.4946849512,18463.1271022488,167348.014844224,60,1,2,41,1,820,0.0
0.0,1.0,0,0.0,73118.0155305952,8452.3022437605,157402.87069454,240,1,0,51,1,814,1.0
,1.0,1,0.0,51264.7152552356,14758.7088954502,135896.147156182,180,1,1,21,1,838,0.0
1.0,1.0,0,1.0,49654.2309979925,34920.366359593,221579.445260705,60,1,2,25,1,746,0.0
0.0,1.0,1,1.0,81946.0037508741,17725.1799022959,139588.864519362,180,1,2,41,1,833,0.0
0.0,0.0,1,1.0,44452.5703030818,33641.9952588734,189846.796282929,240,0,1,27,0,302,0.0
0.0,1.0,0,0.0,59817.6200671159,29363.6803424375,68184.910745027,240,0,1,40,0,490,1.0
0.0,0.0,1,1.0,16925.3885241707,6878.3052827367,224507.179794173,300,1,2,36,1,767,0.0
1.0,0.0,1,1.0,63554.020018665,27019.3166953954,207044.798857513,360,0,2,36,0,318,0.0
,1.0,1,1.0,93274.6566428694,31253.3030907519,205711.71733713,180,1,2,21,1,672,0.0
1.0,1.0,0,1.0,55307.5886008517,0.0,54417.8894540478,300,0,2,35,0,329,0.0
1.0,1.0,1,1.0,68509.7986648046,13066.5905032037,202001.335993134,360,1,2,39,1,688,0.0
0.0,0.0,1,1.0,73557.5063906181,18169.5200698411,147262.680216189,60,1,2,46,1,757,1.0
1.0,0.0,1,1.0,101508.015972908,28460.9979451425,138346.140397458,240,0,2,45,0,580,0.0
0.0,0.0,1,0.0,,12177.5940807677,175154.462666833,60,1,1,31,0,777,1.0
1.0,1.0,0,1.0,63973.6001909481,10340.4902192794,121376.24880942,300,1,1,35,1,760,0.0
1.0,1.0,3,0.0,64930.0955686401,23778.2603123912,134371.128730265,300,0,2,39,0,435,1.0
1.0,0.0,1,0.0,56342.0711779032,13711.2262131124,105465.195736886,300,1,2,44,1,755,0.0
1.0,1.0,2,1.0,90950.1040266012,34333.5974771435,176681.321240823,120,1,2,34,1,835,0.0
0.0,1.0,3,0.0,56512.9148419432,22410.1695133644,162199.309399882,300,1,1,36,1,793,1.0
1.0,1.0,0,1.0,16112.3506035995,12589.3677753421,160783.139374303,300,0,1,54,0,371,0.0
0.0,1.0,1,0.0,19237.5092964429,29751.1236430985,176666.251530717,180,0,2,41,0,428,0.0
0.0,0.0,1,0.0,64356.0467949745,21756.6445325697,135632.056292518,300,0,1,32,0,560,0.0
0.0,1.0,3,1.0,73366.8097743616,5219.76976477431,223837.183539414,120,1,0,44,1,652,1.0
1.0,0.0,0,1.0,57252.564232012,16506.0249284463,113915.177299227,120,1,0,31,1,842,
1.0,0.0,2,0.0,61431.3247443878,12842.1287367178,91849.8571108277,60,1,0,41,1,781,0.0
1.0,0.0,1,1.0,35703.8772822271,8043.19255833484,234922.935118778,360,0,2,37,0,403,1.0
1.0,1.0,3,1.0,66575.2482060696,28098.6516943353,197053.327572596,300,1,1,37,1,713,1.0
1.0,1.0,2,1.0,51695.7246418945,19991.1050679894,98755.2550309566,240,1,0,32,1,755,1.0
1.0,1.0,1,1.0,94443.1019561639,4966.98169024503,230370.227491171,180,1,1,34,1,747,0.0
1.0,1.0,1,1.0,42744.4847191375,18160.6786972995,58724.3945507645,300,1,0,28,1,659,1.0
1.0,0.0,3,1.0,56348.6205124091,18740.6208813104,173967.712940925,180,1,1,26,1,798,1.0
1.0,0.0,0,1.0,54050.355982523,11240.1642064813,35027.223816505,120,1,0,34,1,777,0.0
0.0,1.0,1,1.0,58861.0875255786,23598.3356146745,102923.303986612,300,1,2,56,1,695,0.0
0.0,1.0,0,1.0,57775.4787730259,23739.8975100688,137980.076215579,300,1,2,33,1,804,0.0
0.0,0.0,1,0.0,33385.8973733814,21051.3301575894,236098.214406608,60,1,1,28,0,715,1.0
1.0,1.0,0,0.0,32542.8109703787,18624.4988159452,190080.257986318,120,0,0,47,0,411,1.0
1.0,1.0,2,0.0,78651.8166374618,8725.79265573626,189962.322875862,240,0,1,40,0,312,0.0
0.0,1.0,1,1.0,28868.3620268049,23007.0194754557,170056.913063211,60,1,2,48,1,786,0.0
0.0,1.0,0,1.0,47129.0033536507,24653.2666716112,208164.10663971,240,1,2,56,1,813,0.0
1.0,1.0,0,0.0,50516.4364979207,25813.1695776853,244778.738661428,240,1,0,40,1,735,0.0
1.0,1.0,2,1.0,61513.8988001018,3757.99903053022,199915.228428919,240,0,2,44,0,533,1.0
0.0,1.0,2,1.0,33595.3358595871,0.0,216773.694892532,240,1,2,32,0,739,1.0
1.0,1.0,0,1.0,57234.7139765763,8690.6916626221,56050.9527623086,120,0,2,42,0,613,0.0
0.0,1.0,2,0.0,62143.3983051919,24955.2669167411,108281.184412263,360,0,2,37,0,353,0.0
1.0,1.0,1,0.0,25394.7453903131,14024.0610984558,156238.92898387,120,0,1,34,0,311,0.0
1.0,0.0,3,0.0,33550.8408651286,20935.3943229319,91575.4553950366,240,1,2,42,1,663,0.0
,1.0,0,0.0,50451.7858761439,8773.28233447617,185633.10160635,300,1,1,21,1,770,0.0
1.0,0.0,2,1.0,70765.9215809926,10716.8174220224,104410.885616567,300,1,2,27,1,811,0.0
1.0,0.0,1,1.0,43062.9806774927,10084.5558619309,177143.186017911,360,1,2,45,1,830,0.0
1.0,1.0,1,1.0,,1598.75104345214,151001.366990201,60,0,1,32,0,319,1.0
1.0,1.0,1,1.0,59248.5871004103,35135.542946487,92672.4918146271,60,0,2,30,0,374,0.0
0.0,1.0,0,1.0,59335.4001871107,12240.4854830386,142563.52060913,360,0,2,34,0,542,0.0
1.0,1.0,0,0.0,42634.1453624726,24429.3861989723,124615.361490995,240,1,2,43,1,719,
1.0,0.0,3,0.0,61017.7540371203,7658.38133878985,121666.470351928,240,1,1,36,1,705,1.0
1.0,1.0,1,0.0,54900.884128926,19796.2531955157,124749.136462741,360,1,2,35,1,750,0.0
1.0,1.0,2,0.0,64101.5067846926,15073.5067491969,83393.5522684549,60,0,2,38,0,485,1.0
0.0,1.0,1,1.0,74842.5498214378,22132.6625079654,167043.229962411,180,0,2,42,0,431,0.0
0.0,1.0,3,1.0,15000.0,13725.9312761004,77269.2625711419,360,1,2,21,1,760,0.0
1.0,1.0,0,0.0,71808.4412250292,11174.1615727756,44699.6899308433,360,0,1,30,0,431,1.0
0.0,1.0,0,1.0,44824.6948412925,8150.03849873607,115770.719042933,300,1,2,34,1,669,0.0
,0.0,1,1.0,56371.0186150496,20948.5437339724,117774.614906216,240,0,0,25,0,323,0.0
0.0,1.0,3,1.0,73578.6258011855,21092.3883088975,71425.5406211863,120,0,0,46,0,526,0.0
1.0,1.0,0,1.0,38053.9494473431,7585.01750087275,102096.031017931,60,1,2,24,1,803,1.0
0.0,0.0,1,1.0,56477.3299289804,20432.5696497427,174579.325379523,360,1,1,21,1,686,0.0
1.0,1.0,0,1.0,25932.3512128969,20053.3714764734,161522.994031381,60,1,2,33,1,703,0.0
1.0,1.0,2,1.0,70805.7588807139,7025.14502656211,50390.7216825393,180,0,0,30,0,501,0.0
1.0,1.0,0,1.0,71757.1177627547,9389.49147977732,184132.625364629,300,1,0,41,1,687,0.0
0.0,1.0,2,1.0,55382.6725231046,16525.2588289761,188669.99080338,240,0,1,38,0,559,0.0
1.0,0.0,3,1.0,20977.9627192275,13688.8866131951,122243.742209819,60,1,2,49,1,837,0.0
0.0,1.0,0,1.0,21767.1889869648,30668.5470721378,203756.037449087,120,0,1,34,0,356,0.0
1.0,1.0,0,0.0,53466.5350498191,12572.7141068897,77235.5512049392,120,0,2,42,0,319,1.0
1.0,0.0,0,1.0,82077.5468663251,544.818522546766,126737.728541545,300,1,2,40,1,666,0.0
1.0,1.0,0,,28356.4647330774,28984.8399306932,167601.241439464,120,0,1,35,0,418,0.0
0.0,1.0,1,1.0,63882.1526190671,0.0,149211.115555016,240,0,2,36,0,370,0.0
1.0,1.0,0,1.0,56092.1929764595,35540.9244143597,149676.920296048,300,0,2,21,0,303,0.0
1.0,0.0,2,1.0,73325.3934408704,10785.1700283363,195255.959158469,120,1,2,47,1,663,0.0
0.0,1.0,2,0.0,,16243.8476690771,136859.157873694,300,1,1,39,1,652,0.0
1.0,1.0,0,1.0,68471.9813118692,11383.7189062745,75809.7072483338,60,1,2,39,1,729,0.0
0.0,0.0,0,0.0,92307.5137893888,6614.99383616047,139273.952483204,120,0,1,34,0,485,0.0
0.0,0.0,2,1.0,80883.2175413814,13109.8570231752,158520.770879655,240,1,1,30,1,704,1.0
0.0,1.0,2,0.0,35106.9059337716,16878.0033804252,189761.712462859,180,0,2,26,0,553,0.0
1.0,1.0,2,1.0,60537.7167798906,14420.4945823728,172758.783493441,120,1,1,33,1,673,1.0
0.0,1.0,0,1.0,54824.0787466579,28304.3234437881,208811.285337926,240,0,0,33,0,461,0.0
1.0,1.0,0,1.0,83181.4812991179,27782.8094745948,124938.102124996,120,0,0,37,0,457,1.0
1.0,1.0,0,0.0,55235.3264988876,15341.4389334021,152761.521824055,180,1,1,25,1,731,1.0
1.0,1.0,1,0.0,45756.5227164791,10200.3185385127,158048.774879357,360,1,1,40,1,796,0.0
1.0,1.0,1,1.0,79803.3247791857,15770.7861138149,210421.999456804,240,0,1,37,0,458,1.0
0.0,1.0,0,0.0,60312.366678992,17469.0606341661,270917.787678622,60,0,2,38,0,487,1.0
0.0,1.0,3,1.0,40715.9985715351,29985.4636066985,198371.470957702,120,0,2,36,0,359,0.0
1.0,0.0,3,0.0,52201.525868811,2459.77347571483,93767.2155833503,240,0,0,39,0,604,0.0
1.0,1.0,0,0.0,57169.484932661,9661.55356185081,183549.632604446,240,1,2,38,1,712,0.0
0.0,1.0,0,1.0,44402.9410755672,0.0,162229.90348246,180,0,2,25,0,510,0.0
0.0,0.0,3,1.0,33582.4328924536,24845.9289489579,191244.201886439,360,0,1,31,0,451,0.0
1.0,1.0,1,0.0,45684.8002177849,8751.65381565517,190136.378621884,300,1,2,41,1,758,1.0
1.0,1.0,0,1.0,70934.6713640275,14587.4034734993,226781.548940551,360,0,2,30,0,375,0.0
1.0,1.0,0,1.0,49704.3465017051,0.0,121034.734571047,300,1,2,58,1,679,1.0
1.0,1.0,0,0.0,49861.1364925774,13349.1943499695,188409.706405292,180,1,0,32,1,707,0.0
1.0,1.0,1,1.0,35514.0352742126,14679.5762931951,160163.811052873,120,1,1,31,1,766,0.0
0.0,0.0,1,1.0,31039.7219916751,17474.805476401,197157.960050008,240,1,1,34,1,808,0.0
1.0,0.0,1,0.0,49247.0848444036,13973.5142654936,192984.752564888,300,1,2,31,1,749,1.0
0.0,1.0,1,1.0,73430.623434581,7944.62052721539,91213.2776666519,360,1,1,32,1,841,0.0
1.0,1.0,2,1.0,93700.2855741701,13691.9940627304,138023.784154446,60,1,0,28,1,668,0.0
0.0,1.0,3,1.0,98005.3684862192,13694.2454270482,220110.479475163,300,0,2,36,0,472,0.0
1.0,0.0,0,1.0,98778.5799811657,29556.0047925729,164810.022167741,360,0,2,34,0,527,
1.0,1.0,0,1.0,60920.1277347268,15076.731933215,199789.175507874,60,1,2,32,1,743,0.0
0.0,1.0,0,1.0,33319.4901016359,15334.4346797315,111587.233980411,120,0,2,42,0,482,0.0
1.0,1.0,1,1.0,57374.8606581539,20989.9634168426,164384.102183786,360,0,2,41,0,412,0.0
1.0,1.0,1,1.0,50966.8104768075,27692.5567189862,181366.40601369,360,0,1,21,0,482,1.0
0.0,0.0,2,1.0,65861.4494659736,22245.9177872312,185010.492375938,120,1,2,41,1,795,1.0
1.0,1.0,1,1.0,48941.5832526539,0.0,139812.024325279,240,0,1,38,0,618,0.0
1.0,1.0,1,1.0,15000.0,33311.7713556588,228272.732997955,180,0,2,38,0,415,0.0
1.0,1.0,0,1.0,98844.911895126,26116.3147414105,166101.02398276,240,1,2,31,1,762,0.0
0.0,1.0,1,0.0,71871.1344456172,30973.9729322162,137281.279148671,60,1,2,22,1,696,0.0
0.0,1.0,0,1.0,53274.9052263785,14391.5047999707,160094.359714574,300,0,2,45,0,612,0.0
1.0,0.0,3,1.0,76398.5050527046,27167.2349249794,170073.342924077,180,1,1,41,1,767,0.0
1.0,1.0,0,0.0,50617.3829157918,0.0,,240,1,2,32,1,694,
1.0,1.0,1,1.0,87601.827082949,3469.15668260217,128073.77471975,60,0,2,40,0,460,0.0
1.0,0.0,1,1.0,63840.9823298006,14174.074246487,108542.825727829,300,0,2,38,0,497,0.0
0.0,1.0,0,1.0,58511.331417999,23241.028968557,20000.0,120,1,1,22,1,653,0.0
1.0,1.0,2,1.0,57211.07448638,18590.5509348036,122059.18541316,240,1,1,50,1,797,0.0
1.0,1.0,0,1.0,53258.2805776392,18014.0706978111,213276.146070927,120,0,0,33,0,539,0.0
1.0,1.0,0,1.0,52252.7607089437,30061.4724077494,59636.8845217132,300,1,2,27,1,696,0.0
0.0,1.0,2,1.0,60683.0483497604,11114.3177950879,45341.098880442,360,1,1,28,1,792,0.0
0.0,0.0,0,0.0,48174.4398126058,16045.1403607582,141033.598606348,360,0,1,38,0,497,0.0
1.0,1.0,0,1.0,,6778.34393310593,149253.731377852,300,0,2,37,0,346,0.0
1.0,1.0,1,0.0,82347.9763180492,13157.1099816728,187578.161270108,360,0,1,33,0,377,0.0
1.0,0.0,0,1.0,69472.641536229,6180.39235732825,134079.157314084,300,0,1,36,0,423,
1.0,0.0,0,1.0,49940.5045889731,16880.7335699177,129289.460953623,240,0,2,31,0,374,
1.0,1.0,1,1.0,73794.1561049038,1884.50862101318,210649.196427468,300,0,2,38,0,436,0.0
0.0,1.0,2,1.0,32849.6492031613,6406.00789182799,133920.615778714,360,0,1,42,0,389,0.0
0.0,0.0,0,0.0,66461.5854623205,11245.9255351603,127168.560713904,60,0,0,29,0,624,1.0
0.0,1.0,2,0.0,67809.2969985777,0.0,106453.836506499,240,1,2,41,1,710,0.0
0.0,0.0,0,1.0,66511.5563357414,24109.0703503374,195523.055122592,60,1,1,29,1,787,0.0
1.0,1.0,2,1.0,41515.3371146339,18703.4026732884,120832.853356075,300,1,2,31,1,699,0.0
1.0,,2,1.0,70456.7097607099,35487.0825769885,142039.914420668,240,0,1,28,0,558,1.0
1.0,1.0,1,0.0,87804.1509803462,17239.268739466,182302.267171436,120,0,2,33,0,406,1.0
0.0,1.0,1,0.0,42614.2602602271,4614.59142964244,200066.306739979,300,1,1,40,1,762,1.0
1.0,1.0,1,1.0,46922.0322334884,21174.2863092732,109683.439056019,180,0,0,34,0,649,0.0
1.0,1.0,0,1.0,58756.1796600137,5942.02786628852,109586.808746653,60,1,0,28,1,767,1.0
0.0,1.0,3,1.0,49375.714107848,17959.3324034609,120775.32836028,360,1,0,38,1,847,0.0
1.0,0.0,2,1.0,61519.1053583217,7495.89872245343,93249.3950906965,240,1,1,31,1,730,0.0
1.0,1.0,2,0.0,109948.302528397,0.0,90314.4072877861,240,0,2,35,0,350,0.0
1.0,0.0,0,1.0,79105.3847441441,13174.1512158755,172128.12145114,300,1,1,37,1,796,
1.0,1.0,0,0.0,58078.802005507,31672.5684174953,153836.642969647,240,0,1,32,0,334,1.0
0.0,1.0,3,1.0,20089.3643909652,13752.8184176351,205279.657264474,180,1,2,47,1,695,0.0
1.0,1.0,0,1.0,37398.6132191928,0.0,189645.26859186,240,0,1,33,0,368,0.0
1.0,,1,1.0,74309.8619353897,35311.5871307323,96041.9091547754,300,0,2,23,0,648,0.0
0.0,1.0,1,1.0,53678.542879459,16540.3184168358,124764.226908242,60,0,2,35,0,619,1.0
1.0,1.0,1,1.0,22363.0190900472,10521.2235506804,155080.3859345,360,1,1,29,1,814,1.0
1.0,0.0,0,1.0,72616.2336910955,12526.5961297484,125090.403964928,120,0,2,21,0,348,0.0
1.0,1.0,0,1.0,34393.9120265821,10710.1928262758,154672.924588317,300,1,2,31,1,798,0.0
0.0,0.0,0,1.0,70114.7086494559,17536.8355429809,62914.1690066947,360,0,2,38,0,373,0.0
1.0,1.0,1,1.0,90806.4795963977,5322.476604529,200438.125356656,180,0,0,22,0,491,
0.0,1.0,0,0.0,18651.1579992024,1166.59223028389,118540.019651483,120,1,1,37,1,654,0.0
1.0,1.0,0,1.0,54847.5902897801,21573.2109511953,144057.375898961,60,0,1,24,0,369,0.0
1.0,1.0,0,1.0,53807.0057202387,17944.1897768404,66012.7336740502,360,0,2,34,0,389,0.0
1.0,1.0,1,1.0,15000.0,12677.2649720052,110584.536761251,120,0,2,31,0,559,0.0
1.0,0.0,2,1.0,79062.5009075217,17381.7130613962,171349.184193104,60,1,1,42,1,775,0.0
1.0,1.0,1,1.0,73418.2249655375,8229.88823209656,170883.755032597,300,0,1,26,0,530,0.0
0.0,0.0,1,1.0,68939.634340197,8366.61676487698,142572.22925497,240,0,2,23,0,594,0.0
0.0,1.0,1,1.0,66463.3542836956,15879.7354712916,235485.401433776,180,1,1,40,1,812,1.0
1.0,1.0,2,1.0,15000.0,33054.1684641978,173322.79864847,240,1,1,41,1,778,0.0
1.0,0.0,0,0.0,17425.3181117037,22475.4612578646,132424.331162055,360,1,2,29,1,673,1.0
1.0,1.0,0,1.0,32145.29055666,34635.5283354381,217947.497563355,60,1,2,34,1,706,0.0
1.0,1.0,2,1.0,76789.370090368,11982.0150660374,80095.0992659062,180,0,2,36,0,399,0.0
1.0,1.0,3,1.0,39743.3775933115,36785.6217399166,180920.360787206,300,1,2,42,1,719,0.0
1.0,1.0,2,0.0,,21079.4756700575,225814.4225278,180,1,1,48,1,690,0.0
1.0,0.0,0,0.0,55926.5249964606,34172.5914842612,158479.883819746,60,0,2,42,0,481,0.0
0.0,1.0,0,0.0,86070.1586386951,15635.4190456093,105609.930983117,180,0,2,37,0,473,
1.0,0.0,0,1.0,44280.210789841,27497.1042018431,130064.91087584,240,0,1,52,0,615,0.0
1.0,1.0,0,1.0,50679.2699626351,9710.01585796873,171983.486113651,240,1,0,39,1,757,0.0
0.0,1.0,1,1.0,40035.7548297718,8239.45633451195,69414.1467190573,360,1,2,37,1,837,0.0
0.0,0.0,1,1.0,55484.4739902692,18992.2819293932,176431.740766727,300,0,0,32,0,356,0.0
0.0,0.0,1,1.0,27673.7878312682,0.0,191117.114934377,180,1,1,43,0,680,1.0
1.0,1.0,3,1.0,50711.9147538122,4959.20367044972,131100.512700739,300,0,2,25,0,383,1.0
1.0,0.0,3,1.0,50931.7178323229,19328.5040251997,159106.743550558,360,0,1,42,0,451,0.0
,1.0,1,1.0,73438.8921562899,11801.6773587192,137663.135972326,120,0,0,33,0,335,0.0
0.0,1.0,2,1.0,81072.8359321568,18657.5998609291,161006.459374388,360,1,1,42,1,807,1.0
1.0,1.0,2,0.0,73257.6253733482,32649.1380555077,213645.510862371,240,0,2,23,0,405,0.0
,0.0,0,1.0,58172.0088498177,19123.5596908594,177564.166638779,180,1,2,36,1,807,0.0
1.0,1.0,2,1.0,47920.2962656835,20817.8177062836,207933.351167065,180,0,2,44,0,641,
0.0,1.0,2,1.0,43661.2865802552,254.973129517644,189274.129491478,120,1,2,21,1,784,0.0
0.0,0.0,0,1.0,73854.4551023371,22248.2937348583,125982.016375432,240,0,2,40,0,462,1.0
1.0,0.0,1,1.0,71278.1824010471,13861.8746158624,64632.85231752,60,1,2,41,1,832,1.0
1.0,1.0,1,1.0,64797.1549169859,18566.6760724984,209561.759759037,240,0,2,38,0,519,0.0
1.0,1.0,2,1.0,67422.9174674261,18912.0932723739,134185.173181757,300,0,1,38,0,569,1.0
1.0,0.0,0,1.0,83468.8455326488,0.0,183428.130816856,300,0,1,46,0,419,0.0
1.0,0.0,2,1.0,,28520.3936597432,121233.131597846,60,1,2,36,1,787,0.0
0.0,0.0,1,1.0,58178.4827929394,11579.8265419522,159515.506269852,120,0,2,44,0,635,0.0
0.0,1.0,0,1.0,65194.4500344296,15195.9961657762,187602.319180941,300,1,2,26,1,793,0.0
0.0,1.0,2,1.0,67050.0993671375,11366.8799161145,150898.628968415,120,0,2,29,0,481,1.0
1.0,1.0,1,1.0,58656.4341990128,6142.8620020031,145307.719188831,240,0,1,40,0,405,0.0
1.0,1.0,0,1.0,72275.4171157981,1587.40272763262,82001.5893163863,240,0,0,21,0,516,0.0
0.0,1.0,1,1.0,81142.4445243783,30328.7335563631,166444.576836352,240,0,1,35,0,504,1.0
0.0,1.0,0,1.0,67166.89022152,20981.7215033479,160089.255368547,240,1,0,29,1,719,1.0
0.0,1.0,2,0.0,58849.6449398907,15061.3145043522,202343.951616164,240,0,0,33,0,343,0.0
1.0,1.0,1,1.0,30712.5023958036,5676.28756818012,118531.289439677,180,0,1,31,0,628,1.0
,1.0,1,1.0,32195.5614969307,15586.0891737179,89373.902645816,240,0,2,48,0,600,1.0
1.0,1.0,2,0.0,57426.8110729588,7935.24499234203,162579.395899942,60,1,0,42,0,833,1.0
1.0,0.0,0,0.0,49752.5151864661,8198.4763424818,157991.767595404,300,1,0,37,0,756,1.0
1.0,1.0,2,0.0,34969.2115161911,350.25253895111,255886.500150428,240,1,2,45,1,733,0.0
1.0,1.0,1,1.0,16568.571904791,23353.3343536483,71511.1657640561,240,0,1,45,0,637,0.0
0.0,0.0,1,1.0,25483.865424188,11833.2045406575,70783.6211075801,360,0,0,31,0,549,0.0
0.0,1.0,1,1.0,61625.5684411239,12548.2757814861,106042.340045322,120,0,0,27,0,320,0.0
1.0,0.0,0,1.0,71481.42441788,23717.0258559881,78675.8421689417,120,1,0,38,1,845,0.0
1.0,,2,1.0,70035.6547233509,0.0,249669.17502912,120,1,0,43,1,827,0.0
1.0,1.0,0,1.0,76544.7221531484,14535.0341887344,143796.138694848,300,0,1,30,0,306,0.0
1.0,0.0,1,0.0,,24065.4415710996,172757.319047475,360,1,1,32,1,719,1.0
1.0,1.0,0,1.0,90067.966035343,976.307165761751,108584.873021155,240,0,1,36,0,426,0.0
0.0,1.0,2,0.0,39446.4971814808,29652.1050348138,131555.844853148,120,0,2,31,0,459,0.0
1.0,1.0,1,1.0,54647.1781820241,22963.4001974883,214799.883531989,300,0,0,36,0,547,1.0
1.0,0.0,3,0.0,84238.879707728,36934.4955028838,119234.305896314,360,1,1,42,1,797,
1.0,1.0,0,1.0,35716.2277442453,872.742410994438,163723.416781828,180,0,2,38,0,442,1.0
1.0,1.0,1,1.0,82498.6509060648,15125.7576960031,36392.9172214696,180,0,1,46,0,498,1.0
0.0,1.0,3,1.0,53323.6102048798,3748.13898268838,138691.235615961,60,1,2,41,1,798,0.0
0.0,1.0,1,1.0,15000.0,25022.3616670292,92541.019889161,240,1,2,31,1,819,0.0
1.0,0.0,0,1.0,64873.1444740542,17917.327253783,220038.863809782,180,1,0,42,1,803,0.0
0.0,1.0,1,0.0,114060.551288101,25733.6658244497,150534.665589824,120,0,0,47,0,441,1.0
1.0,1.0,3,1.0,40166.0667311937,1353.23674099458,204551.395459573,240,0,2,39,0,612,1.0
1.0,1.0,1,0.0,58103.5153743825,13498.5216798256,221581.799346898,360,0,0,49,0,464,0.0
0.0,1.0,0,1.0,65004.0041250338,16388.5603243088,77662.1446835767,360,1,0,35,1,707,0.0
1.0,1.0,0,1.0,55579.1507292589,31652.5223394469,159293.894181113,120,0,2,29,0,320,0.0
0.0,1.0,1,1.0,40228.1778569816,10853.6949118596,120533.17177074,360,0,1,39,0,381,0.0
1.0,0.0,2,1.0,76670.5792321785,7629.70638847302,154844.893801715,180,1,0,36,1,718,0.0
0.0,0.0,2,0.0,62057.1715586466,20251.6931326216,169564.247856043,180,1,0,37,1,780,0.0
1.0,1.0,1,0.0,52150.5778787825,13467.3944660069,146287.394625345,240,1,2,35,1,736,0.0
1.0,1.0,0,1.0,48310.8941629912,19120.8346487146,118616.865198665,180,1,2,44,1,814,
0.0,1.0,0,1.0,54611.8633111088,184.19228448632,69498.9163545501,300,1,1,22,1,698,1.0
1.0,1.0,0,1.0,48665.8978388989,13271.8664810659,89501.7485666412,180,1,2,37,1,796,1.0
0.0,1.0,1,1.0,54006.4670398642,19103.8327678689,160215.994199416,60,0,2,32,0,644,0.0
1.0,0.0,2,,16932.1977279257,22410.7378068228,162610.650168143,240,1,0,37,1,734,1.0
0.0,1.0,1,0.0,19275.5899428812,16411.1449670559,21620.7441033121,360,0,2,31,0,460,0.0
0.0,1.0,1,0.0,82521.0050154433,24758.2333728856,286798.007969174,180,0,1,41,0,477,0.0
1.0,1.0,1,0.0,41958.9689128497,8210.19653536868,128944.861391908,180,0,2,40,0,416,0.0
0.0,,0,1.0,37507.1581632426,14016.9015254562,113992.301148921,120,0,2,39,0,495,0.0
1.0,1.0,0,0.0,83637.8218591992,20225.2076644239,246247.025659352,180,0,0,37,0,626,1.0
0.0,1.0,0,1.0,69937.4718101519,15021.8359083703,218548.138006464,180,1,2,31,1,735,0.0
1.0,0.0,2,1.0,55389.5074963949,16325.976720261,145181.935720588,360,0,0,27,0,588,
1.0,1.0,0,1.0,43692.4874336775,4179.82214958063,155380.171811147,360,0,1,40,0,380,
0.0,0.0,0,1.0,48526.7598623952,23331.5776662943,129997.128305873,180,0,1,44,0,451,0.0
1.0,1.0,0,,49971.9570622872,9665.47554224099,175331.82274545,60,1,2,39,1,710,0.0
1.0,1.0,0,1.0,77780.7424455978,801.22835729071,116874.142684662,360,1,2,21,1,710,0.0
1.0,0.0,0,1.0,57900.6458487275,19288.11180433,116751.674434,240,0,1,29,0,327,
0.0,1.0,1,1.0,70100.4217654753,14571.7562092448,57921.7191757719,180,1,2,39,1,835,0.0
1.0,1.0,1,1.0,63881.7998579661,14684.8148667189,95751.6006259761,360,1,0,33,1,692,0.0
0.0,0.0,0,1.0,47728.2478927441,12206.4975294307,79853.5463793444,180,0,1,38,0,468,1.0
1.0,1.0,0,1.0,38643.9415684161,20198.7101810191,205848.971382006,360,1,2,25,1,816,0.0
0.0,,0,1.0,69070.6860302796,15993.1381495134,149924.274852597,300,0,0,38,0,385,0.0
0.0,1.0,0,0.0,57737.4389496852,9253.98141816609,20000.0,60,1,2,38,1,826,0.0
1.0,1.0,0,,28924.8246796787,19355.4631899236,146080.66501353,180,0,1,29,0,316,
1.0,0.0,1,1.0,34600.0280521224,24341.4144223369,118508.759787679,60,0,0,44,0,397,
1.0,0.0,0,1.0,51081.1257227767,24177.6819779513,156972.623301459,180,1,2,32,1,847,
1.0,1.0,1,0.0,64333.6623792857,25974.8497135316,123034.353819451,360,0,2,21,0,497,0.0
0.0,0.0,3,1.0,93528.7462455056,1791.07717493838,163356.814823086,240,1,0,40,1,747,1.0
1.0,0.0,0,1.0,61396.0416998003,2908.01288760394,163665.562479258,300,0,1,37,0,364,1.0
1.0,1.0,1,0.0,68192.7223736798,688.11666764248,165048.41883212,60,0,0,44,0,629,1.0
0.0,1.0,0,1.0,38094.5896231439,18899.4559938343,152809.195919616,300,0,2,36,0,640,0.0
1.0,0.0,3,1.0,53295.1183626394,0.0,124278.709086912,180,1,1,35,1,654,1.0
0.0,1.0,0,1.0,76257.2423767792,11532.2842323328,111070.647659414,60,1,1,47,1,651,0.0
1.0,1.0,1,0.0,83812.9254957268,5903.19560687524,141232.091280257,360,1,2,46,1,671,0.0
1.0,1.0,2,1.0,27745.6825762069,33798.74549421,172297.388856265,300,1,0,45,1,761,0.0
0.0,1.0,1,1.0,60956.5063956936,15779.372965582,74453.7719091503,60,1,2,42,1,706,0.0
1.0,0.0,1,1.0,66582.1355742025,16434.1763068147,157287.931966382,120,1,2,30,1,715,1.0
0.0,1.0,1,1.0,57707.1832898721,15546.9486537462,164728.425628758,120,1,2,37,1,723,0.0
0.0,0.0,3,1.0,39918.9080631597,21351.0001159792,152058.975847446,300,1,2,40,1,747,0.0
1.0,1.0,3,1.0,40189.2734973862,26718.1014327384,143219.938004955,120,1,2,37,1,793,1.0
0.0,1.0,1,0.0,45293.9307863609,5998.39772126337,160619.004301174,300,0,1,35,0,424,0.0
1.0,0.0,1,1.0,61676.5325585872,12162.9327163526,141237.831851784,180,1,0,31,1,816,1.0
0.0,0.0,0,1.0,65317.5645930409,17398.7275228472,130338.179541857,180,0,1,45,0,385,0.0
1.0,1.0,0,0.0,26628.3185224482,9681.22249710671,121370.697593673,360,0,1,27,0,375,0.0
0.0,1.0,2,1.0,70398.042790575,24247.2180551342,204708.341780756,120,1,2,43,1,737,0.0
1.0,1.0,0,1.0,56189.9378800437,18473.9748643476,86169.0899877669,300,1,1,35,1,817,0.0
1.0,1.0,1,1.0,67112.2669757132,0.0,143650.60933975,360,1,2,42,1,687,1.0
1.0,1.0,1,1.0,56369.9367572866,21509.6567877944,196870.314123474,120,0,2,42,0,358,0.0
0.0,1.0,0,1.0,69785.0907015265,13908.0690549944,179171.678457798,240,1,1,45,1,787,0.0
1.0,1.0,2,1.0,50754.4942258991,31728.6820189853,154780.377205628,180,0,2,23,0,398,1.0
,1.0,0,1.0,51964.0994611673,25654.2472359758,224947.923133376,240,1,2,25,1,841,1.0
1.0,1.0,1,1.0,38987.5335634439,9046.94302306017,155202.324051954,120,0,0,37,0,542,
1.0,1.0,1,1.0,83162.2174700013,9831.53116826171,90174.2475924533,300,1,1,25,1,712,0.0
,1.0,2,0.0,48389.5310039055,36112.9633409958,163032.80773526,60,0,1,25,0,348,1.0
1.0,1.0,2,0.0,75892.0076589042,37689.9161165945,122713.69796819,360,0,0,35,0,331,0.0
1.0,1.0,0,0.0,99913.3497956792,23314.9886693166,133261.333764758,180,0,2,34,0,576,0.0
0.0,1.0,0,1.0,33615.0561080246,33640.4853041175,208634.878859253,360,1,1,25,1,669,0.0
1.0,1.0,0,0.0,79080.035269864,10234.4857678075,41941.8948214145,180,1,2,27,1,803,0.0
1.0,0.0,0,1.0,38821.8482588679,17775.1585888189,172285.457006768,300,0,2,47,0,367,0.0
0.0,0.0,1,1.0,73973.7762703408,20156.6063008339,21628.20451305,180,0,1,32,0,513,1.0
1.0,1.0,2,1.0,43113.5192563385,9980.08039818795,83387.7706618277,240,0,0,38,0,442,0.0
0.0,1.0,3,0.0,62731.947911775,27740.6358351614,207048.14661827,120,0,2,44,0,531,0.0
1.0,0.0,2,0.0,34008.375261448,35520.7331142193,168745.384315038,120,0,0,37,0,512,
1.0,1.0,0,1.0,60872.048927449,23913.4390160524,165008.752464226,300,0,2,39,0,378,0.0
0.0,1.0,0,1.0,63894.7238943755,9893.9150070242,117842.479493867,240,0,2,26,0,513,1.0
1.0,1.0,1,1.0,54969.22227911,4762.44052292149,163092.860362286,360,1,0,39,1,765,1.0
0.0,0.0,1,1.0,96932.7399209533,0.0,90707.3835380565,300,0,2,41,0,391,0.0
0.0,1.0,1,1.0,59229.8306099858,0.0,101245.057210653,180,1,2,38,1,663,0.0
1.0,1.0,0,1.0,34340.1555162286,26799.4213003846,173009.884061502,240,1,1,27,1,804,0.0
0.0,0.0,2,0.0,66431.8642267847,11329.2535398181,182524.481999421,360,0,1,23,0,467,0.0
0.0,0.0,0,1.0,69012.2609886277,18363.2296932128,106663.366466984,180,0,0,38,0,357,1.0
0.0,1.0,2,1.0,37606.6021074771,5608.44430229318,233902.780022629,300,0,1,28,0,583,1.0
1.0,1.0,0,,31122.9036773291,9710.83620895345,167238.748629614,300,0,2,42,0,325,1.0
1.0,1.0,1,0.0,94991.5348637387,26546.9376671672,212843.901583746,300,0,2,30,0,365,1.0
1.0,0.0,2,1.0,16201.5659004289,20712.2421023624,149641.439450933,300,0,0,28,0,547,0.0
0.0,0.0,2,0.0,48565.0791608787,16239.0681652107,143110.706940385,240,1,2,28,1,780,0.0
1.0,0.0,3,0.0,29299.1950493528,4915.66979468854,144583.30583777,60,1,2,37,1,849,0.0
1.0,1.0,0,1.0,60285.4613567286,24140.7716422403,167464.63861771,360,1,2,23,1,693,
1.0,1.0,1,1.0,77270.5648504304,19513.4754786463,84561.0847757022,60,0,0,21,0,396,1.0
1.0,1.0,0,1.0,60175.6730979629,13663.7227027322,149166.793335102,240,1,1,36,1,691,0.0
0.0,1.0,0,1.0,69540.8165444624,5632.04765040617,172824.901762532,240,1,1,21,1,655,0.0
1.0,1.0,0,1.0,72854.4551973508,26166.8127506752,204523.608452849,300,0,1,34,0,466,0.0
1.0,0.0,2,1.0,75716.0031730166,1845.58692950154,85929.2510110986,360,0,2,25,0,578,0.0
1.0,1.0,2,1.0,90327.8811050714,31010.7430616439,217554.44731685,240,1,2,32,1,738,0.0
0.0,1.0,3,1.0,66399.3038229032,24610.9345723208,141829.638463434,300,1,2,32,1,772,0.0
1.0,1.0,1,1.0,101720.940990742,25781.2539579477,222855.09131137,60,1,1,39,1,827,0.0
0.0,1.0,0,0.0,94220.5761838157,9968.36480953643,185355.308005328,360,0,1,36,0,496,0.0
1.0,1.0,0,0.0,102902.982555467,0.0,80635.6743284566,300,1,2,24,1,700,1.0
1.0,1.0,1,1.0,56199.2192999701,0.0,159599.689431113,300,1,0,33,1,660,0.0
0.0,0.0,0,1.0,58189.3343539167,21675.4808036999,39000.5456221811,180,0,2,38,0,567,0.0
,0.0,1,0.0,90420.1245431876,9535.92380536326,112269.780880336,120,0,2,41,0,373,
1.0,1.0,0,0.0,96028.6019853297,20102.5222240501,232725.664043251,300,1,1,37,1,657,0.0
1.0,0.0,0,1.0,59723.2450781152,27666.6125319841,172753.778786018,60,0,2,33,0,596,1.0
0.0,1.0,1,1.0,25155.5661472945,7257.30077595945,191463.684328323,240,1,1,25,1,813,0.0
0.0,1.0,1,0.0,65159.5196244236,0.0,172696.794420188,60,0,2,34,0,384,0.0
1.0,1.0,0,0.0,83771.9364617401,2333.6800489339,137989.556449873,180,1,2,26,1,721,0.0
0.0,0.0,0,1.0,67875.945964325,19845.9137883927,162123.148586135,60,1,2,38,1,704,
0.0,0.0,0,0.0,57101.9084183713,19592.0418159952,180045.689120766,120,0,2,26,0,346,0.0
1.0,1.0,0,1.0,52320.5745609529,7784.3091765997,223772.706552114,60,0,2,42,0,537,0.0
1.0,1.0,2,1.0,69746.1047408999,14366.9677721866,140902.728082879,360,0,2,34,0,403,0.0
1.0,1.0,0,0.0,71504.1003221313,18881.8579565473,204283.595459181,60,0,2,32,0,509,0.0
1.0,1.0,0,1.0,44334.9341532752,25899.0495909083,147857.187616983,180,1,2,33,1,691,0.0
0.0,0.0,1,1.0,91230.223934537,18143.3868313143,233884.20454499,120,0,2,44,0,615,0.0
1.0,1.0,1,1.0,54409.8507340693,32053.6235651308,182795.956982941,300,0,0,40,0,567,0.0
0.0,1.0,2,1.0,46999.521311862,11540.9271933317,156909.637389566,180,1,2,22,1,779,0.0
1.0,1.0,2,1.0,77296.4887698202,11693.4133762366,260937.167876542,60,0,1,34,0,562,0.0
0.0,0.0,1,0.0,38167.4965568179,7315.64483096507,188071.531203044,180,1,2,26,1,729,0.0
0.0,0.0,0,0.0,79406.3240357656,16016.5576156602,147772.75678776,360,0,0,42,0,558,0.0
0.0,0.0,0,0.0,68947.8787413795,15353.7141708863,164141.408005935,180,1,1,25,1,676,0.0
1.0,1.0,1,1.0,63360.3068106505,30407.5237651677,159346.352627724,360,0,2,34,0,413,0.0
0.0,1.0,1,1.0,83385.9118089134,19498.2721372651,111450.049359063,360,0,1,38,0,339,0.0
1.0,1.0,3,1.0,63696.7224738974,19920.1428056689,108763.301024881,60,0,1,29,0,519,0.0
0.0,1.0,2,1.0,33157.4450302977,13126.6969017869,92354.9028176308,300,0,0,27,0,428,1.0
1.0,1.0,1,1.0,69379.5615629693,160.209405325824,156991.263566302,240,0,1,45,0,307,1.0
1.0,1.0,3,1.0,69242.0694852654,15845.2698378432,201353.515032206,360,1,0,41,1,750,0.0
1.0,1.0,1,1.0,39403.7630291631,2343.63554910188,172600.268429122,120,0,2,25,0,475,0.0
0.0,1.0,0,1.0,57592.376720928,1668.51991522791,97433.549098836,360,1,1,24,1,756,0.0
0.0,0.0,3,1.0,74883.8394299987,20446.2457449933,196151.671861786,120,0,2,39,0,400,0.0
0.0,0.0,1,1.0,95172.4096839026,19310.0969213007,92103.3150134347,300,1,2,35,1,653,0.0
1.0,0.0,1,0.0,64581.493764114,5135.59500900753,107548.828395898,300,0,2,38,0,545,0.0
0.0,1.0,1,1.0,78524.3080448318,11375.0099711793,104168.065331822,300,1,1,43,1,668,1.0
0.0,0.0,0,1.0,77422.4940686338,13066.9577355203,129136.73173388,120,1,2,41,1,681,1.0
0.0,1.0,1,0.0,70692.5817224487,16812.5394834505,82951.398200936,300,1,0,27,1,786,0.0
0.0,0.0,0,1.0,42384.9182079454,19728.1506992783,216681.928092991,120,0,2,25,0,311,0.0
1.0,0.0,1,0.0,52587.7133582778,21869.5663209867,170866.465083022,360,0,2,34,0,601,0.0
1.0,1.0,2,1.0,65599.3725263964,2738.20642187316,73570.6008868166,360,1,0,34,1,768,0.0
1.0,0.0,2,1.0,73457.2247193364,17811.9201791027,217964.571216825,300,1,2,32,1,665,0.0
0.0,1.0,0,,76403.1637351096,0.0,52581.0746633924,360,0,1,47,0,428,1.0
0.0,1.0,0,1.0,72090.3065271073,21415.4164493601,235488.162583228,240,1,2,25,1,712,0.0
1.0,0.0,2,1.0,18731.9369504109,9722.98588079394,138957.285993522,360,0,2,55,0,408,
1.0,1.0,2,1.0,76191.8887194377,0.0,175743.058996758,120,1,2,38,1,768,1.0
0.0,1.0,0,0.0,49427.6663650048,22762.285047241,185056.560035645,180,1,2,40,1,670,0.0
0.0,0.0,0,0.0,116486.61182006,36050.866393345,178365.281264613,360,1,1,30,1,807,0.0
1.0,1.0,2,1.0,75107.8245165151,7962.89600668566,147053.682273847,300,0,2,42,0,568,0.0
0.0,1.0,0,1.0,69954.8617818278,6490.24919318435,138457.551604814,240,1,1,46,1,811,0.0
1.0,1.0,0,0.0,72708.3606041845,36209.9356584511,129184.237132798,300,0,1,33,0,559,0.0
1.0,1.0,3,1.0,69183.6015845687,3678.50859283993,48282.2066057818,120,1,2,37,1,805,0.0
1.0,1.0,1,1.0,86086.804857563,10411.23154975,183712.415421238,360,1,2,41,1,751,0.0
1.0,1.0,2,1.0,66233.0571200955,6748.34100254462,136460.675151046,120,1,1,50,1,708,1.0
1.0,1.0,2,1.0,28042.5573101032,2261.62674865795,144970.344731089,360,1,2,34,1,777,1.0
1.0,1.0,0,1.0,48768.8450733874,14521.4107234724,181456.764912889,300,0,2,34,0,582,0.0
0.0,1.0,0,1.0,101768.855457398,11883.2411423476,125825.804579809,300,0,2,36,0,624,0.0
0.0,1.0,1,1.0,88726.7081141195,12484.4809981586,73453.6183743676,360,1,2,21,1,674,0.0
1.0,1.0,0,1.0,31692.5851589917,9121.43695091999,68235.4864964223,300,1,2,41,1,780,0.0
0.0,1.0,1,0.0,53163.5635950772,12132.7830517993,133728.936431358,180,1,1,35,1,746,0.0
1.0,1.0,0,1.0,50822.3147426212,10861.0505772514,125720.494397749,180,1,0,21,1,845,1.0
1.0,1.0,0,1.0,46793.577210531,13287.4369517506,209807.511076306,180,0,0,28,0,580,1.0
1.0,1.0,0,0.0,43313.5390901683,16849.6258734208,134670.34626608,180,1,2,23,1,797,0.0
1.0,1.0,1,0.0,45226.0500334087,15052.0526189494,148880.767175159,180,0,0,37,0,453,0.0
1.0,0.0,3,0.0,43003.1126107041,12399.6374981955,163525.67377332,60,1,2,24,1,775,0.0
0.0,0.0,1,0.0,54098.2017152418,22099.3274814723,74569.5272810145,240,1,2,35,1,782,
1.0,1.0,1,1.0,34465.0284835938,8927.38585913915,132887.74349266,180,1,0,40,1,838,0.0
0.0,1.0,0,1.0,63225.9908532539,18090.5443810428,151423.44702192,240,0,2,37,0,564,0.0
0.0,0.0,3,1.0,67023.3093525416,0.0,89805.7182813507,360,0,1,33,0,433,0.0
1.0,1.0,1,0.0,37719.0709967601,12072.4208122754,152161.584482244,300,1,1,28,1,709,0.0
0.0,1.0,1,1.0,56833.8904398067,5092.63081258715,85384.8312535774,180,1,1,34,1,821,0.0
1.0,1.0,1,1.0,82420.6133464894,22890.7520139991,110872.935683677,240,1,2,30,1,770,0.0
0.0,1.0,3,1.0,43969.4481979091,7756.36368196539,60032.1659391763,240,0,2,29,0,512,0.0
1.0,1.0,3,0.0,54337.2220651246,20400.1780172314,159609.612472934,120,1,0,34,1,780,0.0
1.0,1.0,1,1.0,62817.724938224,27608.495199993,181894.915812996,360,0,2,36,0,375,0.0
0.0,0.0,1,0.0,60600.6295832816,16064.9398029009,102053.586614269,300,1,0,25,1,679,0.0
1.0,,2,1.0,81836.1067814929,25371.71472532,134958.235652248,240,0,0,31,0,576,0.0
1.0,0.0,2,1.0,95635.9781754212,27022.4900336117,233462.347118825,180,0,2,38,0,455,
1.0,1.0,0,1.0,70687.2979727276,8610.14945933322,218382.565196798,240,1,2,31,1,839,0.0
1.0,1.0,1,1.0,51584.7641263789,17290.9483164637,211436.402761446,180,1,2,41,1,810,0.0
1.0,1.0,1,1.0,49434.0590667404,6853.14346762329,221603.930195228,180,0,2,36,0,462,0.0
1.0,1.0,2,1.0,89055.1109025236,19747.4210483989,177257.043975527,180,1,1,25,1,829,0.0
1.0,0.0,2,1.0,65819.2946027488,26044.7770383746,160200.019053884,120,0,1,26,0,333,1.0
1.0,0.0,2,1.0,48214.5669642138,25745.2979022993,74908.1537685081,360,1,2,50,1,690,1.0
1.0,1.0,2,1.0,67638.709044631,11910.3998540209,143735.668861528,180,0,0,34,0,606,0.0
1.0,0.0,2,1.0,80772.1213841763,19775.88819553,185896.569291133,240,1,1,40,1,824,0.0
1.0,1.0,0,1.0,48809.0742942106,14685.2862979631,132919.076661484,300,0,0,46,0,637,0.0
1.0,1.0,0,1.0,79062.7326782649,21419.471294437,151169.256257809,120,0,2,40,0,613,0.0
1.0,0.0,0,1.0,44884.1699968327,22292.3694931075,125618.046325071,180,0,2,32,0,374,0.0
1.0,1.0,1,0.0,81162.366501743,1851.21335595588,164364.828637454,360,0,2,39,0,578,0.0
1.0,1.0,3,1.0,70172.1674646688,5014.2961351756,115655.988260593,180,1,2,50,1,825,0.0
1.0,1.0,0,0.0,54873.1864325501,11890.2853351392,221501.519446068,240,0,1,42,0,449,1.0
1.0,1.0,2,1.0,45811.179951449,3713.65485620792,196403.600333034,60,1,0,45,0,666,1.0
1.0,1.0,0,1.0,36032.157500959,21907.0088934863,219152.86992908,60,1,2,40,1,718,0.0
0.0,1.0,0,1.0,78078.6968217239,13980.1334540632,211614.191475541,240,0,2,33,0,407,0.0
1.0,0.0,0,0.0,96377.9706440065,10564.7840016288,159618.446351875,60,1,1,46,1,788,0.0
1.0,0.0,1,0.0,56235.9512245435,0.0,150105.921050873,120,0,0,21,0,649,0.0
1.0,1.0,2,1.0,76336.7402286196,24704.6263690666,177569.917138912,240,0,2,40,0,570,0.0
0.0,1.0,1,0.0,53071.469879862,0.0,219106.899742333,360,0,1,53,0,646,1.0
1.0,0.0,1,0.0,68259.9782427559,15746.8584263688,102953.202367855,60,1,2,43,1,812,0.0
1.0,1.0,3,1.0,51750.4197622412,0.0,105698.030580704,360,1,2,26,1,682,
1.0,1.0,0,1.0,33110.9897793144,19423.1686816448,196960.142583102,180,0,1,36,0,511,0.0
1.0,0.0,1,0.0,104629.978220554,31588.6969445533,168258.031623758,120,1,2,36,1,774,0.0
0.0,0.0,0,1.0,82975.314007442,7886.9677305052,173223.373486178,60,0,0,44,0,571,1.0
1.0,1.0,0,1.0,68295.4578157758,11077.7038865597,172880.487097018,120,1,1,35,1,811,1.0
1.0,1.0,0,1.0,55545.5859844678,107.157355597819,99098.1164038592,60,0,1,26,0,365,0.0
1.0,0.0,1,1.0,37873.3005198794,11347.1914179611,119798.505726261,180,0,2,34,0,547,1.0
1.0,1.0,0,0.0,56995.1402240348,30894.4128356169,102054.2954997,360,0,0,28,0,455,0.0
1.0,0.0,0,0.0,101149.909394233,4474.52808129889,186667.400358909,180,1,1,32,1,696,1.0
1.0,1.0,0,1.0,39920.85255837,16686.5136761019,94142.9119397693,120,0,0,31,0,500,1.0
0.0,0.0,0,1.0,69117.7554416321,12730.5753386207,178366.523849331,300,1,2,35,1,797,0.0
0.0,0.0,2,1.0,15000.0,9587.0090503776,212783.876287055,180,0,2,25,0,423,0.0
1.0,1.0,1,1.0,84721.8635042087,6657.28656932034,151693.527471762,300,0,0,23,0,300,0.0
0.0,1.0,0,1.0,38845.7814208819,6092.51136447736,146062.355687767,300,0,0,49,0,546,1.0
1.0,0.0,2,1.0,49280.731097719,2144.00885947227,178104.61310413,300,1,2,44,1,736,0.0
0.0,0.0,0,1.0,87111.4587142069,3024.67688734837,116064.793394419,360,1,2,44,1,777,0.0
0.0,0.0,2,1.0,54525.4149566647,4817.46098582271,165456.909366739,300,0,2,34,0,490,0.0
1.0,1.0,1,,33657.3616010683,21312.2435697178,93302.6832016098,120,1,0,25,1,716,0.0
0.0,1.0,0,1.0,102660.667493125,9057.89127618333,143020.243644212,180,0,1,34,0,303,0.0
1.0,1.0,1,1.0,79363.6932106572,10483.5891082305,150853.441259986,360,1,0,34,1,835,1.0
1.0,1.0,0,1.0,74649.842055596,14012.7910554432,78413.5151737629,60,1,1,27,1,802,0.0
1.0,1.0,0,1.0,73192.9999616474,19375.0620347303,121067.447293977,300,1,1,37,1,696,0.0
1.0,1.0,0,1.0,68431.7322122891,22691.3577931003,,120,0,1,32,0,593,
1.0,0.0,0,1.0,50328.7703230692,0.0,98495.2461755255,360,1,1,40,1,792,0.0
1.0,1.0,0,1.0,54852.4692515331,1358.94006181641,175504.936560363,300,1,1,33,1,840,0.0
1.0,1.0,1,1.0,43462.3929192028,3458.36615220458,188059.618635075,60,0,0,56,0,320,0.0
1.0,0.0,0,0.0,17905.0098856197,13255.5606571471,92875.9050940788,180,0,1,43,0,526,0.0
1.0,1.0,2,1.0,47012.7036077223,89.2007638852646,114700.741725054,180,1,1,35,1,706,0.0
1.0,1.0,0,1.0,49545.5395896192,26910.9068314619,140800.566994851,300,0,1,40,0,416,
1.0,1.0,1,1.0,60911.4367980762,13159.6760080099,106973.806600938,300,1,1,30,1,830,0.0
1.0,1.0,3,0.0,45913.1261891448,0.0,99599.3388414661,300,0,2,43,0,601,1.0
1.0,1.0,0,0.0,78366.3321200462,22297.7293703419,135706.387251043,360,1,2,38,1,791,0.0
0.0,1.0,1,1.0,57319.6566665416,2635.21713407651,72327.1933168367,60,0,2,34,0,338,0.0
1.0,0.0,0,1.0,39056.8486261947,10308.6928387253,119006.446468772,360,0,2,34,0,551,0.0
1.0,1.0,1,1.0,89049.3506894149,9790.31448768904,121916.972153728,300,0,2,39,0,632,0.0
0.0,1.0,0,1.0,57786.6926288534,9840.1901065092,225385.384965668,360,1,1,23,1,764,0.0
1.0,0.0,0,,62265.4082107552,6977.28166065479,221909.779260437,240,1,1,40,1,783,0.0
0.0,1.0,0,1.0,79472.4449885569,16884.5359642928,140845.460769435,360,1,2,41,1,800,0.0
1.0,1.0,1,1.0,28082.1206285177,8391.58803247419,92099.9096738884,180,1,1,40,1,836,0.0
0.0,1.0,2,1.0,46637.1182892201,7681.42691584114,186928.301960103,180,0,0,48,0,390,0.0
1.0,0.0,1,1.0,77134.7484294091,26407.8580045247,212019.171730271,180,0,1,47,0,345,0.0
1.0,0.0,0,1.0,66370.4200959774,32816.8478646685,49003.6913028862,60,0,1,39,0,337,0.0
0.0,1.0,0,1.0,56392.1663647518,14981.7124115589,140736.704253482,360,1,2,32,1,791,1.0
1.0,1.0,2,1.0,43651.8373117132,17991.9976608889,67482.2747922735,180,1,0,41,1,749,0.0
1.0,1.0,0,0.0,88370.6269029607,8276.06415673497,113500.166420996,300,1,0,45,1,721,0.0
1.0,0.0,1,0.0,74155.0387091095,14679.5250583628,214897.009676756,360,1,2,27,1,839,0.0
,1.0,1,1.0,34515.3576184641,12881.1046880175,69015.5067241686,360,0,1,39,0,334,0.0
